-- phpMyAdmin SQL Dump
-- version 4.9.1
-- https://www.phpmyadmin.net/
--
-- Host: 127.0.0.1
-- Generation Time: Mar 23, 2020 at 02:53 PM
-- Server version: 10.4.8-MariaDB
-- PHP Version: 7.3.11

SET SQL_MODE = "NO_AUTO_VALUE_ON_ZERO";
SET AUTOCOMMIT = 0;
START TRANSACTION;
SET time_zone = "+00:00";


/*!40101 SET @OLD_CHARACTER_SET_CLIENT=@@CHARACTER_SET_CLIENT */;
/*!40101 SET @OLD_CHARACTER_SET_RESULTS=@@CHARACTER_SET_RESULTS */;
/*!40101 SET @OLD_COLLATION_CONNECTION=@@COLLATION_CONNECTION */;
/*!40101 SET NAMES utf8mb4 */;

--
-- Database: `test-api`
--

-- --------------------------------------------------------

--
-- Table structure for table `failed_jobs`
--

CREATE TABLE `failed_jobs` (
  `id` bigint(20) UNSIGNED NOT NULL,
  `connection` text COLLATE utf8mb4_unicode_ci NOT NULL,
  `queue` text COLLATE utf8mb4_unicode_ci NOT NULL,
  `payload` longtext COLLATE utf8mb4_unicode_ci NOT NULL,
  `exception` longtext COLLATE utf8mb4_unicode_ci NOT NULL,
  `failed_at` timestamp NOT NULL DEFAULT current_timestamp()
) ENGINE=InnoDB DEFAULT CHARSET=utf8mb4 COLLATE=utf8mb4_unicode_ci;

-- --------------------------------------------------------

--
-- Table structure for table `migrations`
--

CREATE TABLE `migrations` (
  `id` int(10) UNSIGNED NOT NULL,
  `migration` varchar(255) COLLATE utf8mb4_unicode_ci NOT NULL,
  `batch` int(11) NOT NULL
) ENGINE=InnoDB DEFAULT CHARSET=utf8mb4 COLLATE=utf8mb4_unicode_ci;

--
-- Dumping data for table `migrations`
--

INSERT INTO `migrations` (`id`, `migration`, `batch`) VALUES
(1, '2014_10_12_000000_create_users_table', 1),
(2, '2016_06_01_000001_create_oauth_auth_codes_table', 1),
(3, '2016_06_01_000002_create_oauth_access_tokens_table', 1),
(4, '2016_06_01_000003_create_oauth_refresh_tokens_table', 1),
(5, '2016_06_01_000004_create_oauth_clients_table', 1),
(6, '2016_06_01_000005_create_oauth_personal_access_clients_table', 1),
(7, '2019_08_19_000000_create_failed_jobs_table', 1),
(8, '2020_03_23_113547_create_products_table', 1),
(9, '2020_03_23_113851_create_reviews_table', 1);

-- --------------------------------------------------------

--
-- Table structure for table `oauth_access_tokens`
--

CREATE TABLE `oauth_access_tokens` (
  `id` varchar(100) COLLATE utf8mb4_unicode_ci NOT NULL,
  `user_id` bigint(20) UNSIGNED DEFAULT NULL,
  `client_id` bigint(20) UNSIGNED NOT NULL,
  `name` varchar(255) COLLATE utf8mb4_unicode_ci DEFAULT NULL,
  `scopes` text COLLATE utf8mb4_unicode_ci DEFAULT NULL,
  `revoked` tinyint(1) NOT NULL,
  `created_at` timestamp NULL DEFAULT NULL,
  `updated_at` timestamp NULL DEFAULT NULL,
  `expires_at` datetime DEFAULT NULL
) ENGINE=InnoDB DEFAULT CHARSET=utf8mb4 COLLATE=utf8mb4_unicode_ci;

-- --------------------------------------------------------

--
-- Table structure for table `oauth_auth_codes`
--

CREATE TABLE `oauth_auth_codes` (
  `id` varchar(100) COLLATE utf8mb4_unicode_ci NOT NULL,
  `user_id` bigint(20) UNSIGNED NOT NULL,
  `client_id` bigint(20) UNSIGNED NOT NULL,
  `scopes` text COLLATE utf8mb4_unicode_ci DEFAULT NULL,
  `revoked` tinyint(1) NOT NULL,
  `expires_at` datetime DEFAULT NULL
) ENGINE=InnoDB DEFAULT CHARSET=utf8mb4 COLLATE=utf8mb4_unicode_ci;

-- --------------------------------------------------------

--
-- Table structure for table `oauth_clients`
--

CREATE TABLE `oauth_clients` (
  `id` bigint(20) UNSIGNED NOT NULL,
  `user_id` bigint(20) UNSIGNED DEFAULT NULL,
  `name` varchar(255) COLLATE utf8mb4_unicode_ci NOT NULL,
  `secret` varchar(100) COLLATE utf8mb4_unicode_ci DEFAULT NULL,
  `redirect` text COLLATE utf8mb4_unicode_ci NOT NULL,
  `personal_access_client` tinyint(1) NOT NULL,
  `password_client` tinyint(1) NOT NULL,
  `revoked` tinyint(1) NOT NULL,
  `created_at` timestamp NULL DEFAULT NULL,
  `updated_at` timestamp NULL DEFAULT NULL
) ENGINE=InnoDB DEFAULT CHARSET=utf8mb4 COLLATE=utf8mb4_unicode_ci;

-- --------------------------------------------------------

--
-- Table structure for table `oauth_personal_access_clients`
--

CREATE TABLE `oauth_personal_access_clients` (
  `id` bigint(20) UNSIGNED NOT NULL,
  `client_id` bigint(20) UNSIGNED NOT NULL,
  `created_at` timestamp NULL DEFAULT NULL,
  `updated_at` timestamp NULL DEFAULT NULL
) ENGINE=InnoDB DEFAULT CHARSET=utf8mb4 COLLATE=utf8mb4_unicode_ci;

-- --------------------------------------------------------

--
-- Table structure for table `oauth_refresh_tokens`
--

CREATE TABLE `oauth_refresh_tokens` (
  `id` varchar(100) COLLATE utf8mb4_unicode_ci NOT NULL,
  `access_token_id` varchar(100) COLLATE utf8mb4_unicode_ci NOT NULL,
  `revoked` tinyint(1) NOT NULL,
  `expires_at` datetime DEFAULT NULL
) ENGINE=InnoDB DEFAULT CHARSET=utf8mb4 COLLATE=utf8mb4_unicode_ci;

-- --------------------------------------------------------

--
-- Table structure for table `products`
--

CREATE TABLE `products` (
  `id` bigint(20) UNSIGNED NOT NULL,
  `name` varchar(255) COLLATE utf8mb4_unicode_ci NOT NULL,
  `derail` text COLLATE utf8mb4_unicode_ci NOT NULL,
  `price` int(11) NOT NULL,
  `discount` int(11) NOT NULL,
  `stock` int(11) NOT NULL,
  `created_at` timestamp NULL DEFAULT NULL,
  `updated_at` timestamp NULL DEFAULT NULL
) ENGINE=InnoDB DEFAULT CHARSET=utf8mb4 COLLATE=utf8mb4_unicode_ci;

--
-- Dumping data for table `products`
--

INSERT INTO `products` (`id`, `name`, `derail`, `price`, `discount`, `stock`, `created_at`, `updated_at`) VALUES
(1, 'dicta', 'Unde numquam quo aspernatur aliquid maiores est. Consequuntur occaecati omnis nesciunt ex provident. Maxime corporis explicabo in aliquid deserunt.', 967, 25, 8, '2020-03-23 09:13:03', '2020-03-23 09:13:03'),
(2, 'ratione', 'Non amet impedit et et. In cum officia ut corporis. Soluta perspiciatis veritatis dicta dicta est non. Enim aspernatur dolor optio hic in.', 568, 18, 1, '2020-03-23 09:13:03', '2020-03-23 09:13:03'),
(3, 'voluptatem', 'Et quia et officia porro voluptas id ut. Quia illo expedita ad sequi pariatur non culpa magnam. Et ab ea quia odio.', 751, 17, 5, '2020-03-23 09:13:03', '2020-03-23 09:13:03'),
(4, 'exercitationem', 'Dicta provident hic ut animi qui explicabo dolores. Ut ipsum vero omnis consequatur voluptatem recusandae voluptate. Praesentium voluptatem culpa esse dicta. At vel voluptatem ratione voluptas.', 245, 24, 2, '2020-03-23 09:13:03', '2020-03-23 09:13:03'),
(5, 'iusto', 'Eligendi dolorum dolore et placeat. Vero corrupti ut veniam saepe est rerum doloribus rerum. Officia nihil minus distinctio laudantium cumque eaque quo aperiam.', 960, 14, 0, '2020-03-23 09:13:03', '2020-03-23 09:13:03'),
(6, 'sit', 'Perspiciatis aliquam et incidunt quisquam. Animi atque saepe et quia ratione odit explicabo. Et perspiciatis aut reiciendis molestiae dolor.', 879, 3, 9, '2020-03-23 09:13:03', '2020-03-23 09:13:03'),
(7, 'enim', 'Architecto et eum corporis quo quis excepturi quasi. Quia ipsum enim aut voluptatum occaecati. Repudiandae maxime occaecati iusto qui debitis laboriosam explicabo eos. Possimus rerum aut explicabo atque et sint. Accusantium nam iste voluptatem eligendi maiores qui maxime.', 398, 30, 6, '2020-03-23 09:13:03', '2020-03-23 09:13:03'),
(8, 'dicta', 'Fuga labore odit molestiae vel impedit rerum voluptas quaerat. Nemo itaque et deserunt. Aut reprehenderit rem voluptatem nesciunt et vero laboriosam incidunt.', 782, 5, 3, '2020-03-23 09:13:03', '2020-03-23 09:13:03'),
(9, 'sapiente', 'Corporis ut reprehenderit dignissimos. Sapiente sunt nisi at fugiat aliquid repellendus ea. Consequuntur consequatur aut molestias deleniti est maiores.', 443, 13, 6, '2020-03-23 09:13:03', '2020-03-23 09:13:03'),
(10, 'quasi', 'Quam et harum omnis vero omnis quia ut. Quibusdam quas quis iste illum voluptates nihil. Officia beatae eligendi impedit illo.', 402, 23, 7, '2020-03-23 09:13:03', '2020-03-23 09:13:03'),
(11, 'rerum', 'Rerum fuga eaque et eius. Nobis ut et voluptatum totam qui qui. Consequatur repellat voluptatem optio consequatur.', 777, 23, 2, '2020-03-23 09:13:03', '2020-03-23 09:13:03'),
(12, 'debitis', 'Ad odio nostrum eligendi. Voluptatem id perferendis voluptatum voluptatem enim sint. Perspiciatis et at illum fugiat sed voluptate. Rerum dolore est nesciunt qui in ut.', 968, 8, 1, '2020-03-23 09:13:04', '2020-03-23 09:13:04'),
(13, 'et', 'Rerum eaque dolor quo voluptates sed est. Quidem modi quis sint ducimus ut libero.', 912, 20, 1, '2020-03-23 09:13:04', '2020-03-23 09:13:04'),
(14, 'quia', 'Autem rem rerum deleniti dolores. Corporis aut dolorem id.', 659, 29, 9, '2020-03-23 09:13:04', '2020-03-23 09:13:04'),
(15, 'nobis', 'Veniam qui officia id in voluptas molestiae doloribus quo. Ut in ut aliquam animi velit fugiat dolore sed. Eum qui aliquam est ut est pariatur iure. Molestias dolorem possimus doloribus officia sit nisi.', 804, 8, 8, '2020-03-23 09:13:04', '2020-03-23 09:13:04'),
(16, 'porro', 'Velit cumque illum perspiciatis in possimus occaecati. Repellendus omnis ea voluptas ipsum ut accusamus vel molestias. Consequatur dolores magni libero consequatur. Consequatur illum iste eius sequi nobis nemo maxime.', 208, 13, 3, '2020-03-23 09:13:04', '2020-03-23 09:13:04'),
(17, 'aut', 'Praesentium qui a libero qui facilis occaecati quam perferendis. Voluptatem sunt accusantium quam modi modi. Dolores laboriosam ipsa rem eaque nemo voluptatem ut voluptatem. Saepe odio voluptates nisi.', 553, 6, 9, '2020-03-23 09:13:04', '2020-03-23 09:13:04'),
(18, 'autem', 'Inventore odio ducimus quia perferendis quo explicabo. Enim ea nisi unde cum qui et sed veritatis.', 268, 18, 1, '2020-03-23 09:13:04', '2020-03-23 09:13:04'),
(19, 'occaecati', 'Debitis vel quos error quisquam. Et excepturi dolorem ullam reprehenderit aut tenetur.', 596, 25, 2, '2020-03-23 09:13:04', '2020-03-23 09:13:04'),
(20, 'fugiat', 'Quas et minima cum exercitationem magnam dolorum. Illum eveniet quisquam itaque ullam rem perspiciatis. Delectus necessitatibus dolorum debitis excepturi qui. Omnis necessitatibus quia rerum delectus quibusdam.', 465, 7, 1, '2020-03-23 09:13:04', '2020-03-23 09:13:04'),
(21, 'ut', 'Voluptatem et nisi minus culpa vel praesentium. Minima est ullam rerum esse optio fuga et. Non suscipit sint est vero.', 164, 20, 8, '2020-03-23 09:13:04', '2020-03-23 09:13:04'),
(22, 'vel', 'Cumque fugiat consequatur omnis cumque doloribus inventore id et. Corporis quaerat vel corporis dolor temporibus ut debitis. Eius voluptate minus et id assumenda consequatur.', 473, 6, 8, '2020-03-23 09:13:04', '2020-03-23 09:13:04'),
(23, 'omnis', 'Provident fuga praesentium aliquam fugit ipsum et. Consequuntur quod quo enim quo assumenda velit voluptates labore. Dicta mollitia qui est non. Quis sunt non vel ipsam itaque.', 607, 11, 2, '2020-03-23 09:13:04', '2020-03-23 09:13:04'),
(24, 'soluta', 'Dolores dolorem ad quo fugit qui dignissimos. Consectetur voluptas qui sed qui quaerat quia. Facere consequatur id ea sapiente quia soluta qui.', 107, 11, 1, '2020-03-23 09:13:04', '2020-03-23 09:13:04'),
(25, 'sed', 'Nulla voluptas ducimus similique maiores. Natus eius perferendis optio ad voluptas. Et quod quia ad est qui ea quo.', 523, 15, 6, '2020-03-23 09:13:04', '2020-03-23 09:13:04'),
(26, 'eos', 'Aperiam voluptas ipsam nisi non quia tempore. Quibusdam debitis voluptas in. Quo porro numquam nihil rerum aspernatur. Molestiae tempora itaque beatae.', 601, 13, 1, '2020-03-23 09:13:04', '2020-03-23 09:13:04'),
(27, 'omnis', 'Provident iste sunt harum. Delectus ex ut nostrum ullam. Iure quae nulla accusantium quas similique. Perspiciatis quia maxime dolorum molestias omnis in.', 274, 12, 0, '2020-03-23 09:13:04', '2020-03-23 09:13:04'),
(28, 'minima', 'Tempora laudantium autem sit qui dolores. Iure atque illo necessitatibus laudantium vitae cupiditate sapiente in. Ducimus velit laudantium et tenetur ab optio.', 878, 4, 7, '2020-03-23 09:13:04', '2020-03-23 09:13:04'),
(29, 'consectetur', 'Et quaerat facere alias ipsa quod adipisci repellat aut. Nulla neque deleniti odit quae hic. Sed quis quam fuga sunt.', 132, 8, 2, '2020-03-23 09:13:04', '2020-03-23 09:13:04'),
(30, 'quam', 'Neque mollitia dolore et sit. Laborum perferendis vel ratione quo. Laboriosam esse assumenda delectus.', 541, 3, 5, '2020-03-23 09:13:04', '2020-03-23 09:13:04'),
(31, 'delectus', 'A quaerat at mollitia quae architecto error. Praesentium maxime eum est similique non rerum corrupti. Saepe non vel est quasi.', 760, 25, 5, '2020-03-23 09:13:04', '2020-03-23 09:13:04'),
(32, 'sit', 'Rerum et dolorem quia aperiam placeat corrupti natus. Delectus quia reprehenderit quam qui deserunt. Ipsa ut possimus et accusantium sed nisi expedita.', 114, 19, 5, '2020-03-23 09:13:04', '2020-03-23 09:13:04'),
(33, 'pariatur', 'Nemo nulla architecto perferendis est iste necessitatibus occaecati. Sed adipisci et quia amet officiis nostrum fugit. Inventore repudiandae necessitatibus corrupti molestiae excepturi dignissimos. Accusamus et illum laborum magni.', 418, 21, 4, '2020-03-23 09:13:04', '2020-03-23 09:13:04'),
(34, 'qui', 'Eligendi cum aliquam veniam nihil illo esse deserunt similique. Perferendis voluptatibus sed ut iusto illum expedita quas. Nisi dolorum maxime sed exercitationem culpa.', 821, 23, 8, '2020-03-23 09:13:04', '2020-03-23 09:13:04'),
(35, 'voluptatem', 'Quas at culpa nemo quia eius aut sit. Ipsum voluptatem et veritatis qui. Hic consequuntur enim quis et.', 339, 12, 5, '2020-03-23 09:13:04', '2020-03-23 09:13:04'),
(36, 'excepturi', 'Vitae nobis voluptas veritatis autem corporis quae pariatur. Animi consequatur error quam earum ducimus exercitationem consequuntur. Ut ut velit doloribus tempore voluptatem cupiditate vero fugiat.', 405, 23, 9, '2020-03-23 09:13:04', '2020-03-23 09:13:04'),
(37, 'dolorum', 'Quo quaerat atque doloremque ab nobis. Et doloremque non explicabo et ipsum qui nihil. Aliquid officia ea cumque pariatur dolorem. Consectetur qui delectus eos.', 780, 8, 1, '2020-03-23 09:13:04', '2020-03-23 09:13:04'),
(38, 'eveniet', 'Qui eaque quod cumque quod voluptatem architecto in. Et impedit sint est debitis.', 964, 7, 9, '2020-03-23 09:13:04', '2020-03-23 09:13:04'),
(39, 'est', 'Voluptas et nihil quam odit et dolorum quas voluptatum. Ut magnam qui quod. Maxime fugit et cumque voluptatum.', 205, 12, 8, '2020-03-23 09:13:04', '2020-03-23 09:13:04'),
(40, 'modi', 'Incidunt in voluptatem voluptas ea maiores molestiae. Sunt ut iusto ut. Distinctio quibusdam nesciunt nam sit assumenda placeat labore.', 708, 13, 0, '2020-03-23 09:13:04', '2020-03-23 09:13:04'),
(41, 'ut', 'Nam voluptates suscipit enim suscipit facere quam suscipit. Quibusdam officiis nisi pariatur quasi autem modi. Voluptate officia hic vel ab dolorem. Velit odit soluta veniam deleniti rerum accusamus.', 355, 24, 6, '2020-03-23 09:13:04', '2020-03-23 09:13:04'),
(42, 'molestiae', 'Unde in nihil quia enim asperiores porro voluptatem. Amet impedit necessitatibus porro quod distinctio velit.', 545, 6, 7, '2020-03-23 09:13:04', '2020-03-23 09:13:04'),
(43, 'aspernatur', 'Velit soluta qui architecto non dolores quia. Laborum eveniet qui maiores rerum quo. Ratione ea possimus alias sed cumque distinctio molestias. Officiis velit illo quam libero cum dolorum dolorem.', 655, 10, 4, '2020-03-23 09:13:04', '2020-03-23 09:13:04'),
(44, 'dolores', 'Ex neque nam non labore magni. Porro impedit ut quod. Ut saepe voluptatem perferendis similique omnis et.', 347, 12, 0, '2020-03-23 09:13:04', '2020-03-23 09:13:04'),
(45, 'ut', 'Aut nostrum possimus sunt sint sit. Dolor animi nemo reprehenderit molestias labore eos maxime. Repellendus autem maxime asperiores quaerat quasi doloribus. Qui optio autem ut nihil vitae repellendus et.', 863, 5, 2, '2020-03-23 09:13:04', '2020-03-23 09:13:04'),
(46, 'adipisci', 'Esse quis quod eos facere rerum ut. Accusamus officia vitae et esse harum repellendus voluptate. Quibusdam eaque rem voluptate. Occaecati earum doloremque error nostrum commodi voluptates occaecati cupiditate.', 764, 14, 8, '2020-03-23 09:13:04', '2020-03-23 09:13:04'),
(47, 'nemo', 'Quia recusandae corrupti quisquam. Nemo dolor modi iure ab itaque ut iure deserunt. Facere neque cum ut nemo illum.', 268, 15, 5, '2020-03-23 09:13:04', '2020-03-23 09:13:04'),
(48, 'eos', 'Dolor a laudantium maxime maxime. Qui quo veritatis sequi officiis enim.', 240, 6, 1, '2020-03-23 09:13:04', '2020-03-23 09:13:04'),
(49, 'eaque', 'Reprehenderit non molestias fuga magni vel corrupti minus corporis. Sed molestias beatae odit veniam omnis eum nemo. Repellat quae incidunt aspernatur occaecati aut nihil.', 228, 17, 3, '2020-03-23 09:13:04', '2020-03-23 09:13:04'),
(50, 'recusandae', 'Placeat voluptatem impedit quis illum quod maiores sunt voluptas. Distinctio qui maiores earum nulla. Saepe omnis vero eum. Quia qui in tempora iusto perspiciatis tempora.', 117, 4, 1, '2020-03-23 09:13:04', '2020-03-23 09:13:04');

-- --------------------------------------------------------

--
-- Table structure for table `reviews`
--

CREATE TABLE `reviews` (
  `id` bigint(20) UNSIGNED NOT NULL,
  `customer` varchar(255) COLLATE utf8mb4_unicode_ci NOT NULL,
  `review` text COLLATE utf8mb4_unicode_ci NOT NULL,
  `star` int(11) NOT NULL,
  `product_id` bigint(20) UNSIGNED NOT NULL,
  `created_at` timestamp NULL DEFAULT NULL,
  `updated_at` timestamp NULL DEFAULT NULL
) ENGINE=InnoDB DEFAULT CHARSET=utf8mb4 COLLATE=utf8mb4_unicode_ci;

--
-- Dumping data for table `reviews`
--

INSERT INTO `reviews` (`id`, `customer`, `review`, `star`, `product_id`, `created_at`, `updated_at`) VALUES
(1, 'Fermin Predovic', 'Est libero eum aliquid quod quam magni. Earum molestias et dolores sit. Autem officia at dolor illo.', 2, 44, '2020-03-23 09:13:05', '2020-03-23 09:13:05'),
(2, 'Noble Crist', 'Harum magni dolor aut ab odio eum. Blanditiis repudiandae nesciunt non officia et dolorem itaque. Consequuntur dolor alias placeat et voluptas explicabo. Beatae amet tempora officiis possimus.', 5, 29, '2020-03-23 09:13:05', '2020-03-23 09:13:05'),
(3, 'Lyda Schuster IV', 'Dolores est cumque explicabo adipisci non. Ea voluptatem qui nihil accusamus omnis autem cumque. Quisquam doloremque rerum eos hic voluptas omnis. Similique distinctio sint culpa iusto voluptatum.', 4, 9, '2020-03-23 09:13:05', '2020-03-23 09:13:05'),
(4, 'Genesis Trantow', 'Eum aut ut et rerum officia eveniet tempore. In id quaerat modi aut quae. Doloribus minima doloribus cum sit laborum quis.', 3, 9, '2020-03-23 09:13:05', '2020-03-23 09:13:05'),
(5, 'Whitney Walker', 'Dolorem totam consequatur sit. Et dolorem dolore dicta dicta placeat doloremque. Quaerat et rem alias perspiciatis.', 3, 17, '2020-03-23 09:13:05', '2020-03-23 09:13:05'),
(6, 'Mr. Enos Greenholt II', 'Aliquam in dolorum et et eos. Sint atque eos aperiam qui. Libero tenetur dolorem voluptas qui culpa perferendis eos.', 3, 11, '2020-03-23 09:13:05', '2020-03-23 09:13:05'),
(7, 'Freeda Lemke', 'Ab animi nobis officiis beatae aut. Quam et molestiae officia velit. Ea cumque autem et ipsum voluptas nihil. Sint natus aut aperiam modi facere. Explicabo consequatur aperiam est eos amet necessitatibus.', 3, 50, '2020-03-23 09:13:05', '2020-03-23 09:13:05'),
(8, 'Prof. Orlo Parker Sr.', 'Magni sunt nobis consequatur nihil. Eos illo et quis. Doloribus dolorum nam nostrum illo. Similique impedit est ratione dolore et doloremque quia.', 4, 3, '2020-03-23 09:13:05', '2020-03-23 09:13:05'),
(9, 'Jasper Jacobs', 'Voluptatem quis veritatis delectus dignissimos et quisquam deleniti autem. Voluptas fugit minima esse illum et non. Explicabo sunt tenetur velit sunt.', 4, 42, '2020-03-23 09:13:05', '2020-03-23 09:13:05'),
(10, 'Christop Bergstrom', 'Vero consectetur amet aspernatur illum est eaque. Aut deleniti cum provident. Reprehenderit rerum in laudantium cum dolorem eius voluptatum. Delectus nobis nihil voluptatem ipsam beatae eum qui.', 1, 23, '2020-03-23 09:13:05', '2020-03-23 09:13:05'),
(11, 'Julian Gutmann', 'Nihil aut nostrum eligendi eius itaque vitae similique earum. Repellendus blanditiis corporis ut voluptatem in est. Quia et est consectetur ad suscipit facilis vero molestiae.', 4, 43, '2020-03-23 09:13:05', '2020-03-23 09:13:05'),
(12, 'Cheyenne Keebler', 'Voluptatibus corrupti rerum quod quia voluptatum. Vel necessitatibus dolorum fuga voluptatem id aut sed. Consequatur eos cupiditate quidem quis. Blanditiis omnis officia provident id earum nesciunt sed.', 1, 1, '2020-03-23 09:13:05', '2020-03-23 09:13:05'),
(13, 'Dr. Emile Terry', 'Natus nemo placeat autem ex eaque sit possimus quae. Voluptatem dolores ipsa molestias quae. Qui quo nihil hic deleniti enim sint.', 3, 25, '2020-03-23 09:13:05', '2020-03-23 09:13:05'),
(14, 'Ms. Meredith Prohaska', 'Sint earum dolores totam quis. Occaecati culpa dignissimos minus error ratione quas.', 3, 41, '2020-03-23 09:13:05', '2020-03-23 09:13:05'),
(15, 'Myrl Jaskolski', 'Quibusdam debitis labore ut et ut exercitationem maiores ipsum. Facilis vitae eligendi quia nulla.', 3, 34, '2020-03-23 09:13:05', '2020-03-23 09:13:05'),
(16, 'Mr. Rowan Sanford', 'Eos quia hic vel. Eius enim modi itaque est magnam. Expedita qui consequatur ex fugit dolore eligendi qui eos.', 5, 9, '2020-03-23 09:13:05', '2020-03-23 09:13:05'),
(17, 'Waino Runte II', 'Harum quas quia dolor perspiciatis. Et est corporis nam sunt vel. Dolorem accusantium id quod aut dolorum aut.', 1, 23, '2020-03-23 09:13:05', '2020-03-23 09:13:05'),
(18, 'Hortense Weimann', 'Consequuntur est omnis autem quia amet. Laboriosam excepturi et facere ratione.', 1, 30, '2020-03-23 09:13:05', '2020-03-23 09:13:05'),
(19, 'Ezekiel Paucek', 'Ut qui non quia error. Eos delectus ut reprehenderit sit blanditiis est. Excepturi alias assumenda quibusdam velit tempora.', 4, 2, '2020-03-23 09:13:05', '2020-03-23 09:13:05'),
(20, 'Dr. Luz Hane', 'Ullam et impedit repellat eveniet et illo qui. Commodi tempora cupiditate quam recusandae enim est. Quaerat iure nulla neque sint natus quia.', 1, 30, '2020-03-23 09:13:05', '2020-03-23 09:13:05'),
(21, 'Mr. Douglas Wyman Jr.', 'Mollitia velit omnis nobis illo est unde voluptatem. Veniam repudiandae quis eum voluptas molestias. Eum et ut sit sit aspernatur nulla delectus. Ipsam velit labore autem mollitia odio sit quisquam.', 0, 3, '2020-03-23 09:13:05', '2020-03-23 09:13:05'),
(22, 'Mr. Immanuel Daugherty', 'Possimus quisquam vel perferendis. Sequi et iusto architecto et consectetur dolor. Quo quo ipsa modi consectetur veniam.', 2, 3, '2020-03-23 09:13:05', '2020-03-23 09:13:05'),
(23, 'Haven Heller', 'Omnis delectus ex cupiditate labore et laborum corrupti. Aut placeat nihil eum. Est magnam qui debitis libero molestias maiores illum. Cumque rerum pariatur modi voluptatem quam. Dignissimos non quis voluptates in cumque.', 0, 50, '2020-03-23 09:13:05', '2020-03-23 09:13:05'),
(24, 'Crystel Kuhic', 'Et ut hic dolor atque. Sed deserunt excepturi voluptate harum natus dolores magnam. Neque dolores maxime velit et quia optio.', 2, 23, '2020-03-23 09:13:06', '2020-03-23 09:13:06'),
(25, 'Gracie Torphy', 'Tempore odio ratione earum quo accusantium est. Quos eos placeat sapiente.', 4, 45, '2020-03-23 09:13:06', '2020-03-23 09:13:06'),
(26, 'Murphy King', 'Et eligendi in minima suscipit qui perspiciatis eligendi provident. Quia veritatis doloremque animi non. Voluptatum beatae quod ratione tempora et asperiores soluta. Quibusdam ad et corrupti est.', 0, 2, '2020-03-23 09:13:06', '2020-03-23 09:13:06'),
(27, 'Ms. Carmela Grimes I', 'Earum architecto modi quas reiciendis. Voluptates eligendi occaecati qui quod deserunt similique eveniet. Earum eum ipsam fuga voluptatem deleniti voluptas.', 5, 1, '2020-03-23 09:13:06', '2020-03-23 09:13:06'),
(28, 'Johnpaul Terry', 'Tempora vel eum nulla. Hic molestias voluptas sunt autem voluptate voluptatem quo sed. Debitis doloribus corporis repellendus.', 2, 20, '2020-03-23 09:13:06', '2020-03-23 09:13:06'),
(29, 'Damien Schuster', 'Voluptatem quibusdam ut sit itaque earum sapiente nihil. Aliquid dolor beatae asperiores aut et animi. Atque nostrum enim voluptatem corporis sequi.', 5, 18, '2020-03-23 09:13:06', '2020-03-23 09:13:06'),
(30, 'Juana Lehner', 'Aut enim vel culpa vitae reprehenderit ipsum tempora. Dolore architecto ut quia eos. Nostrum rerum ipsa voluptas et nihil nihil. Qui aliquam sed est enim culpa maxime dolorem.', 2, 36, '2020-03-23 09:13:06', '2020-03-23 09:13:06'),
(31, 'Helena Hoppe MD', 'Dolor similique velit illo animi eveniet. Velit sit excepturi quod veritatis rerum odio est distinctio. Possimus aut qui hic quo laborum quia.', 1, 8, '2020-03-23 09:13:06', '2020-03-23 09:13:06'),
(32, 'Coty White MD', 'Ut consequuntur voluptatum praesentium eligendi. Neque dignissimos eos unde perspiciatis provident eius quis. Commodi et consectetur quis facere nam.', 5, 42, '2020-03-23 09:13:06', '2020-03-23 09:13:06'),
(33, 'Prof. Kacey Labadie IV', 'Quaerat quam eos deserunt laborum nostrum aut. Enim excepturi quia qui facere dignissimos eveniet. Perferendis qui vitae corporis id dolor quidem incidunt.', 5, 44, '2020-03-23 09:13:06', '2020-03-23 09:13:06'),
(34, 'Esteban VonRueden', 'Officiis voluptas optio eum quia rerum atque. Quas rerum maxime aut est quidem molestiae odit. Similique consectetur velit repudiandae illo qui ut.', 2, 40, '2020-03-23 09:13:06', '2020-03-23 09:13:06'),
(35, 'Giovani Gibson Sr.', 'Voluptas iusto autem libero non et iure ad. Sed dicta optio sunt. Est magni tempore in ut minima quas odio. Ipsam porro quia et et provident aut nisi.', 1, 7, '2020-03-23 09:13:06', '2020-03-23 09:13:06'),
(36, 'Prof. Mateo King I', 'Nihil id ut sit quae accusamus quidem itaque. Maiores fuga omnis et aut illo. Quod inventore aut totam veritatis eum quia.', 2, 3, '2020-03-23 09:13:06', '2020-03-23 09:13:06'),
(37, 'Brandy Gutmann', 'Quasi commodi beatae autem dolor. Consequuntur error voluptatem quibusdam libero. Enim beatae et odio magnam.', 5, 35, '2020-03-23 09:13:06', '2020-03-23 09:13:06'),
(38, 'Mr. Oscar Lakin', 'Sed nihil occaecati omnis voluptas temporibus sit similique. Dolores aut repellat et officiis veniam illum. Et distinctio rerum et ut aut.', 1, 27, '2020-03-23 09:13:06', '2020-03-23 09:13:06'),
(39, 'Mrs. Kayli Nicolas Jr.', 'Voluptatem ratione nihil dolore. Nihil eius omnis tempora voluptate nesciunt voluptatem. Explicabo reiciendis distinctio nisi vitae.', 2, 21, '2020-03-23 09:13:06', '2020-03-23 09:13:06'),
(40, 'Vance Bahringer IV', 'Aspernatur ea animi est cupiditate sint. Delectus tempore ut qui et. In magni quia saepe. Exercitationem natus cumque libero maxime qui accusamus.', 3, 33, '2020-03-23 09:13:06', '2020-03-23 09:13:06'),
(41, 'Marcus Franecki PhD', 'Et beatae suscipit repellendus nulla quia tempore. Dolor eum voluptatibus deserunt nihil. Doloremque perferendis ut eum velit. Ullam qui dolores repellat corrupti at labore.', 1, 50, '2020-03-23 09:13:06', '2020-03-23 09:13:06'),
(42, 'Prof. Dena Heathcote', 'Magni cumque aut hic excepturi. Recusandae enim aut numquam. Molestiae voluptas dolorem et reiciendis.', 2, 36, '2020-03-23 09:13:06', '2020-03-23 09:13:06'),
(43, 'Dr. Belle Quitzon DVM', 'Voluptatem quasi nemo reiciendis ea et id enim enim. Voluptatem adipisci corrupti tenetur beatae quo et. Occaecati earum ratione sed sed. Cum nisi aut et autem autem et non quam.', 0, 47, '2020-03-23 09:13:06', '2020-03-23 09:13:06'),
(44, 'Lesly Thiel', 'Molestiae ipsa aut eos veritatis et et repellat. Commodi inventore aperiam quo adipisci expedita voluptatem ea. Maxime quia at ullam. Odio eos ex ullam cum saepe debitis blanditiis aspernatur.', 0, 4, '2020-03-23 09:13:06', '2020-03-23 09:13:06'),
(45, 'Andrew Zulauf', 'Vero sit aliquid voluptatibus iusto. Earum consequatur voluptatem explicabo sunt. Alias rerum perspiciatis qui. Sapiente voluptas ipsum ex error atque.', 4, 1, '2020-03-23 09:13:06', '2020-03-23 09:13:06'),
(46, 'Paige Kutch', 'Et pariatur itaque facere eius illum. Et et ut est officia voluptates quia et optio. Placeat consequatur temporibus delectus. Et labore vel autem nihil id.', 3, 40, '2020-03-23 09:13:06', '2020-03-23 09:13:06'),
(47, 'Dr. Max Runte', 'Commodi eum dicta nobis amet. Nisi vero aut minima voluptas ea. Deleniti ut tenetur reiciendis.', 2, 26, '2020-03-23 09:13:06', '2020-03-23 09:13:06'),
(48, 'Idella Carroll', 'Quis nulla reiciendis modi dolores aliquam mollitia. Ut corporis sequi excepturi accusantium quo. Distinctio illum esse cum occaecati aut soluta odio. Ut vero sed aut voluptatem esse odit aut.', 2, 47, '2020-03-23 09:13:06', '2020-03-23 09:13:06'),
(49, 'Abe Tromp', 'Enim quia natus doloremque quas perferendis odio maxime. Ut ratione ullam excepturi sed quas. Aspernatur quos excepturi dolor facilis vitae asperiores magni. Molestiae nam id aut rerum aut quisquam consequuntur est.', 1, 35, '2020-03-23 09:13:06', '2020-03-23 09:13:06'),
(50, 'Rosalind Kohler', 'Est incidunt accusantium cupiditate dicta sit at. Rerum quas omnis ut dignissimos est. Earum iure sunt et quo dolore magnam.', 3, 1, '2020-03-23 09:13:06', '2020-03-23 09:13:06'),
(51, 'Prof. Alexie Gibson', 'Libero possimus velit qui aut expedita eligendi nisi. Voluptas qui sed non id suscipit sit et. Et est alias non ut quo et qui et. Voluptatum occaecati quisquam beatae harum at omnis.', 5, 13, '2020-03-23 09:13:06', '2020-03-23 09:13:06'),
(52, 'Mr. Bobby Torp IV', 'Accusantium neque aut esse itaque in et. Distinctio doloremque consequatur quod sunt illo.', 5, 35, '2020-03-23 09:13:06', '2020-03-23 09:13:06'),
(53, 'Moses Lind', 'Et vitae culpa et repudiandae quis. Aliquid quas ut molestiae maxime amet beatae. Perspiciatis expedita et autem at error rerum voluptates. Dignissimos vitae atque velit.', 1, 45, '2020-03-23 09:13:06', '2020-03-23 09:13:06'),
(54, 'Dr. Wilford Raynor DVM', 'Occaecati necessitatibus culpa et. Repellendus tempore et molestiae tempora. Consequatur tempore sequi voluptatum maxime. Aspernatur autem ipsam quia.', 2, 13, '2020-03-23 09:13:06', '2020-03-23 09:13:06'),
(55, 'Ward Turner', 'Suscipit nulla expedita necessitatibus quis earum eligendi officiis. Aliquam voluptatem voluptas animi aut. Commodi quis nulla cupiditate eligendi autem illum. Non expedita nihil magni illo sed unde voluptatem.', 3, 46, '2020-03-23 09:13:06', '2020-03-23 09:13:06'),
(56, 'Isabelle Jones', 'Autem aut incidunt odit enim voluptatem exercitationem et. Et in odio similique sunt corrupti. Velit cumque non ut ad et ea autem. Sit qui labore quisquam.', 2, 25, '2020-03-23 09:13:06', '2020-03-23 09:13:06'),
(57, 'Florence Kozey', 'Aspernatur nobis aut perferendis eaque ad ut. Excepturi numquam rerum quaerat mollitia culpa sed consequatur.', 3, 23, '2020-03-23 09:13:06', '2020-03-23 09:13:06'),
(58, 'Clemmie Jakubowski', 'Accusamus eos non provident temporibus ipsa qui facere. Illo possimus facilis accusamus et ut ullam aut. Rerum esse necessitatibus ipsa incidunt quae aut vero.', 5, 8, '2020-03-23 09:13:06', '2020-03-23 09:13:06'),
(59, 'Jaron Quitzon', 'Aut perspiciatis odit facere ea harum ea. Veritatis quidem velit maxime exercitationem tempora quia maxime.', 2, 14, '2020-03-23 09:13:06', '2020-03-23 09:13:06'),
(60, 'Andreane Berge', 'Ipsa totam odit fuga deserunt necessitatibus. Sint quisquam architecto qui dicta error ea. Eius architecto voluptatem consectetur corporis laudantium est. Sunt sed aspernatur voluptas voluptas quibusdam quas qui.', 1, 47, '2020-03-23 09:13:06', '2020-03-23 09:13:06'),
(61, 'Evert Mayer', 'Reiciendis aut enim omnis magni. Consequuntur omnis non vel unde ab.', 3, 28, '2020-03-23 09:13:06', '2020-03-23 09:13:06'),
(62, 'Esther Swaniawski', 'Alias eos ex necessitatibus error eum nihil. Architecto minima nisi libero dolores autem. Quisquam minus non excepturi quos molestiae. Nihil velit exercitationem neque quisquam qui tempora vitae.', 4, 49, '2020-03-23 09:13:06', '2020-03-23 09:13:06'),
(63, 'Kaitlyn Dibbert', 'Aut ea cum placeat. Tempora et sed odio inventore. Sit ipsa autem temporibus illum est earum impedit.', 0, 1, '2020-03-23 09:13:06', '2020-03-23 09:13:06'),
(64, 'Mariela Harvey', 'Eligendi fuga harum vel vel modi ipsum pariatur. Mollitia ea veritatis dolor quibusdam repellat.', 3, 3, '2020-03-23 09:13:06', '2020-03-23 09:13:06'),
(65, 'Zackary Hills DVM', 'Officia tenetur delectus et et mollitia. Doloribus eum qui laudantium quibusdam autem sapiente. Laboriosam aut molestiae provident sit aut iusto. Rerum iusto consequuntur nostrum sequi et.', 2, 5, '2020-03-23 09:13:06', '2020-03-23 09:13:06'),
(66, 'Cary Witting', 'Praesentium aut non omnis. Ut rerum mollitia temporibus accusantium ratione. Aspernatur eos velit odio veritatis reprehenderit et quaerat. Fugit commodi deserunt eius sed similique accusamus cumque.', 4, 12, '2020-03-23 09:13:06', '2020-03-23 09:13:06'),
(67, 'Prof. Jalen Bauch', 'Aliquam sunt sed ea aliquid consequuntur. Vitae fugit et ullam et similique. Amet ad provident facilis facilis nam odio. Facilis qui dolorem asperiores eligendi officiis quidem asperiores ut.', 1, 38, '2020-03-23 09:13:06', '2020-03-23 09:13:06'),
(68, 'Adelle Runte', 'Vel nemo deleniti numquam corporis provident hic. Delectus officia illum est quia a. Saepe blanditiis amet enim est aliquam occaecati consequuntur ipsam.', 5, 39, '2020-03-23 09:13:06', '2020-03-23 09:13:06'),
(69, 'Dr. Cora Wintheiser', 'Molestias et nam ratione rerum asperiores voluptas. Non harum possimus odio temporibus commodi et voluptas. Enim animi labore est nesciunt possimus itaque suscipit. Iusto impedit non et consequuntur voluptatum harum.', 0, 47, '2020-03-23 09:13:06', '2020-03-23 09:13:06'),
(70, 'Dr. Jena Maggio DDS', 'Velit alias incidunt vero consequatur et. Veritatis eveniet doloremque exercitationem dolor. Et et fugiat et sit. Repellat quas vero provident aut est quaerat a nihil.', 4, 29, '2020-03-23 09:13:07', '2020-03-23 09:13:07'),
(71, 'Burdette Corwin DVM', 'Qui eum rerum ad reiciendis. Qui corrupti et beatae consequatur pariatur dolores cupiditate quo. Accusantium soluta quo esse.', 5, 31, '2020-03-23 09:13:07', '2020-03-23 09:13:07'),
(72, 'Joey Dicki', 'Doloremque omnis fugit ut necessitatibus minus distinctio quam ut. Sint ut quae ipsam beatae illum a quisquam. Velit voluptas voluptatum eius itaque.', 5, 32, '2020-03-23 09:13:07', '2020-03-23 09:13:07'),
(73, 'Prof. Angie Renner I', 'Sapiente veniam tempora illo nesciunt non sit asperiores. Vero tempore quis nam dignissimos est ab. Ad harum autem quia dolorum adipisci tempora.', 2, 27, '2020-03-23 09:13:07', '2020-03-23 09:13:07'),
(74, 'Lane Wuckert', 'Labore vel perspiciatis culpa exercitationem veritatis voluptates consequatur non. Eaque totam sequi exercitationem nihil autem et vel sapiente. Voluptas atque quis rerum odio quis.', 3, 41, '2020-03-23 09:13:07', '2020-03-23 09:13:07'),
(75, 'Veda Wisoky', 'Quibusdam perspiciatis harum occaecati dolorum quas optio rem. Autem architecto vero fugiat ea. Voluptas quia ipsa sed architecto commodi. Unde perferendis soluta repudiandae inventore fugit ipsum qui.', 1, 39, '2020-03-23 09:13:07', '2020-03-23 09:13:07'),
(76, 'Horacio Reichel Sr.', 'Et at sint occaecati sed vel. Labore nesciunt sunt voluptates ut eum. Fugiat dolores amet consequatur quos. Inventore esse cumque consequuntur dolorem quam at.', 2, 5, '2020-03-23 09:13:07', '2020-03-23 09:13:07'),
(77, 'Dillon Dickens', 'Cumque et officiis qui sit eos explicabo commodi est. Voluptate sequi et dolore. Ipsum totam fugit nostrum non fugit delectus mollitia.', 0, 9, '2020-03-23 09:13:07', '2020-03-23 09:13:07'),
(78, 'Kirstin Kris', 'Ut neque sed deserunt enim consectetur. Porro occaecati dicta omnis. Ullam distinctio quod non veritatis beatae atque tempora. Repellendus provident dolor rerum unde suscipit magnam quidem et.', 1, 24, '2020-03-23 09:13:07', '2020-03-23 09:13:07'),
(79, 'Prof. Nikko Nikolaus DDS', 'Perspiciatis magnam adipisci nihil sit voluptatem modi. Aut nisi vero in est cum similique. Ea ullam itaque dolore similique. Laboriosam autem ea reiciendis animi cumque tempora.', 3, 30, '2020-03-23 09:13:07', '2020-03-23 09:13:07'),
(80, 'Thaddeus Weissnat', 'Rerum temporibus enim error illo. Voluptatum et eum dolorum perferendis. Dolor iste eveniet aspernatur. Voluptatibus ex et tempora voluptas incidunt est. Veritatis nihil in autem sed ipsam.', 2, 36, '2020-03-23 09:13:07', '2020-03-23 09:13:07'),
(81, 'Fidel Collins V', 'Veritatis expedita quam delectus distinctio eveniet impedit. Placeat aut nostrum est hic cumque vel. Enim voluptatum aliquid voluptatem et.', 4, 18, '2020-03-23 09:13:07', '2020-03-23 09:13:07'),
(82, 'Delfina Schaefer PhD', 'Consequatur sequi velit vitae tempore soluta. Reiciendis omnis eaque quis porro impedit nulla. Perspiciatis voluptas repellendus unde rerum.', 0, 27, '2020-03-23 09:13:07', '2020-03-23 09:13:07'),
(83, 'Alford Zulauf IV', 'Cupiditate doloribus aliquid sit. Reiciendis quisquam nemo aut velit minima nihil. Laborum voluptatem sed quidem ea neque at. Maxime sit pariatur occaecati fugit non et culpa eum.', 3, 21, '2020-03-23 09:13:07', '2020-03-23 09:13:07'),
(84, 'Geovanny Reichel', 'Aut quos fuga nemo voluptatum omnis natus porro. In maxime distinctio quo eum dolor. Similique qui non reprehenderit est id. Iste eligendi aliquid rerum magnam sed quibusdam similique sunt.', 0, 2, '2020-03-23 09:13:07', '2020-03-23 09:13:07'),
(85, 'Prof. Brain Upton DVM', 'Adipisci omnis commodi quo animi non sed accusamus. Impedit sunt enim iusto hic. Quas perspiciatis labore impedit ut. Provident eaque quod dolorem omnis ut in voluptas.', 1, 27, '2020-03-23 09:13:07', '2020-03-23 09:13:07'),
(86, 'Prof. Enos Sauer', 'Totam inventore omnis quod corrupti quo. Ab id impedit qui. Repellendus praesentium aperiam architecto. Earum sit nam qui. Deleniti est error doloremque id.', 3, 20, '2020-03-23 09:13:07', '2020-03-23 09:13:07'),
(87, 'Liliane Jacobs', 'Nostrum enim error odit. Cum vitae ut ad est. Nam eligendi sit inventore et dolore.', 0, 50, '2020-03-23 09:13:07', '2020-03-23 09:13:07'),
(88, 'Lorena Reichert', 'Voluptatem quas et modi illum. Cum laudantium ut ab provident voluptatum quia maxime. At non nostrum sint non illo nemo ut.', 5, 25, '2020-03-23 09:13:07', '2020-03-23 09:13:07'),
(89, 'Caesar Terry', 'Laboriosam et autem est. Voluptate placeat cum et veritatis quo saepe at maxime. Cumque voluptas repellat quia inventore quisquam in ad.', 3, 8, '2020-03-23 09:13:07', '2020-03-23 09:13:07'),
(90, 'Mrs. Emilia Lemke V', 'Delectus quis sapiente corporis. Sunt qui maxime vero quidem qui veniam eos. Ipsam nisi reprehenderit voluptatem modi tempore qui consequatur.', 0, 10, '2020-03-23 09:13:07', '2020-03-23 09:13:07'),
(91, 'Elza Dietrich', 'At enim impedit iure asperiores ullam in nesciunt. Ex explicabo dolorem quae est recusandae voluptatem distinctio fuga. Et sit ea excepturi. Saepe at sed mollitia quis sunt.', 5, 47, '2020-03-23 09:13:07', '2020-03-23 09:13:07'),
(92, 'Erika Kilback IV', 'Dignissimos rerum expedita minima nihil. Distinctio dolorem sit voluptatem quia sapiente dolor et consequatur. Nostrum est quos unde officiis aliquid rerum voluptatem.', 2, 36, '2020-03-23 09:13:07', '2020-03-23 09:13:07'),
(93, 'Wilma Wunsch', 'Vero sed voluptas ullam libero ex. Dolor ipsum molestias eos assumenda est culpa. Voluptas dolorum nobis ratione et doloribus harum eveniet. Ea et id ipsum deleniti vero eveniet. Ab eum illo optio earum temporibus nemo.', 5, 4, '2020-03-23 09:13:07', '2020-03-23 09:13:07'),
(94, 'Arely Ortiz', 'Aut vel placeat impedit a officiis iure voluptatem. Pariatur minima mollitia pariatur. Voluptatem modi voluptatem aut labore.', 2, 38, '2020-03-23 09:13:07', '2020-03-23 09:13:07'),
(95, 'Noel Koelpin', 'Dolorem provident qui fuga. Et saepe sunt aut. Aut voluptatem dolores iste distinctio aliquid. Consectetur eaque dignissimos non officiis dolores.', 5, 18, '2020-03-23 09:13:07', '2020-03-23 09:13:07'),
(96, 'Morgan Mills II', 'Quia voluptas a voluptas accusantium. Eos officia repellendus reiciendis voluptate non. Rerum numquam sunt itaque culpa aut labore quibusdam in. Molestias et ab aut vel velit.', 4, 27, '2020-03-23 09:13:07', '2020-03-23 09:13:07'),
(97, 'Jay Johnston', 'Minima voluptatem debitis aperiam provident quam dolor recusandae. Quaerat qui repudiandae praesentium rerum aperiam repudiandae officia. Soluta labore veritatis id fugit earum sit.', 5, 47, '2020-03-23 09:13:07', '2020-03-23 09:13:07'),
(98, 'Dr. Felipe Schamberger Jr.', 'Velit velit earum consequuntur voluptate necessitatibus ut qui. Illum nobis repudiandae quos adipisci iusto. Reiciendis odio rerum possimus nam dolor.', 3, 12, '2020-03-23 09:13:07', '2020-03-23 09:13:07'),
(99, 'Fredrick Hansen', 'Odit culpa et perferendis sit alias. Ut a deleniti et est vel exercitationem nam. Vel eligendi ex consequuntur magnam aut est voluptate.', 1, 49, '2020-03-23 09:13:07', '2020-03-23 09:13:07'),
(100, 'Mrs. Kaia Schmidt II', 'Cumque tenetur dolores neque qui. Quia sapiente minus perspiciatis rerum possimus non eos. Ab consequatur debitis non ut in modi.', 1, 2, '2020-03-23 09:13:07', '2020-03-23 09:13:07'),
(101, 'Burnice Johnston', 'Asperiores eos molestiae expedita dolorem amet. Doloribus aliquid et libero omnis. Voluptate commodi aut ea.', 3, 32, '2020-03-23 09:13:07', '2020-03-23 09:13:07'),
(102, 'Patsy Bailey Jr.', 'Beatae enim saepe aperiam voluptatum. Voluptas similique dolor explicabo quod voluptatibus porro in placeat. Quas et odio id neque odit. Numquam et nemo sed aut.', 4, 29, '2020-03-23 09:13:07', '2020-03-23 09:13:07'),
(103, 'Juanita Schaden', 'Ut iure in cupiditate sed animi illo eligendi. Commodi at qui consectetur cumque impedit eligendi libero. Repellendus consequatur minus voluptates reiciendis rerum. Omnis ut ut laudantium harum. Quas rerum inventore praesentium quia.', 0, 5, '2020-03-23 09:13:07', '2020-03-23 09:13:07'),
(104, 'Mr. Bryce Armstrong', 'Aliquam numquam asperiores veritatis qui voluptatem magnam. Rerum dolores voluptatem quasi ut asperiores soluta quis. Soluta minus ut provident sequi dignissimos dolores. Rerum nesciunt optio consequatur temporibus totam exercitationem.', 3, 7, '2020-03-23 09:13:07', '2020-03-23 09:13:07'),
(105, 'Roma Kilback', 'Dicta quo ut eum id dolorem tempore ipsa. Iure omnis similique eos aut. Totam explicabo aliquid quis officiis dolores laborum. Et nihil quibusdam sunt non soluta et.', 1, 46, '2020-03-23 09:13:07', '2020-03-23 09:13:07'),
(106, 'Lyric Lesch', 'Excepturi inventore voluptates commodi possimus cum. Adipisci dolorem qui eum quos. Reprehenderit corrupti autem odio. Aut excepturi aspernatur non nostrum dolor id.', 0, 37, '2020-03-23 09:13:07', '2020-03-23 09:13:07'),
(107, 'Jordi Breitenberg', 'Nostrum laborum ut quia rerum corrupti molestiae delectus. Ducimus quidem doloremque quo maxime. Deserunt nemo sit molestiae facilis voluptatem. Officia quos voluptatem molestiae dolores.', 3, 39, '2020-03-23 09:13:07', '2020-03-23 09:13:07'),
(108, 'Willard Stiedemann PhD', 'Inventore sit voluptas vero sit quia. Maiores consequatur sunt voluptatibus eaque vel. Eius animi et natus dolorem et.', 0, 44, '2020-03-23 09:13:07', '2020-03-23 09:13:07'),
(109, 'Marlene Kling', 'Ipsa voluptate vel ut et. Sed ut asperiores quaerat occaecati voluptas perspiciatis. Molestiae aut debitis recusandae fugiat laborum repellendus.', 2, 15, '2020-03-23 09:13:07', '2020-03-23 09:13:07'),
(110, 'Fay Watsica', 'Reiciendis sed voluptatem recusandae. Repellendus ex est necessitatibus rerum eaque assumenda. Ratione eos ut et harum dignissimos alias. Nihil maxime magni id nisi.', 1, 46, '2020-03-23 09:13:07', '2020-03-23 09:13:07'),
(111, 'Zelda Leffler', 'Ipsam aliquid laboriosam a explicabo quo rem quia est. Omnis iste molestiae possimus sed eum. Sed et quis consequatur.', 4, 16, '2020-03-23 09:13:07', '2020-03-23 09:13:07'),
(112, 'Euna Connelly Sr.', 'Commodi aut hic incidunt eos. Eligendi in magni dignissimos. Deserunt non nemo dolore est cumque inventore ut. Quas repudiandae laudantium repellendus excepturi ut dolores.', 2, 23, '2020-03-23 09:13:07', '2020-03-23 09:13:07'),
(113, 'Skylar Hirthe', 'Esse doloribus autem fugiat quasi hic. Sint enim quae veritatis a a aliquam maiores excepturi. Odit incidunt ut amet.', 4, 28, '2020-03-23 09:13:07', '2020-03-23 09:13:07'),
(114, 'Cody Marquardt', 'Beatae assumenda sed molestias est quis eos. Tempore veniam veritatis eos officia provident. Laudantium praesentium ut fugit dolorem minus. Odio sint ipsa non.', 1, 13, '2020-03-23 09:13:07', '2020-03-23 09:13:07'),
(115, 'Dr. Clifford Crist DVM', 'Quidem velit pariatur modi aperiam. Tenetur saepe et porro voluptas earum qui sed.', 5, 17, '2020-03-23 09:13:07', '2020-03-23 09:13:07'),
(116, 'Abdiel Greenfelder', 'Dolorem eos saepe optio dicta ullam possimus autem. Dolore dolores consectetur fugiat nisi consequatur fugiat. Officia aut architecto libero neque saepe. Magni quo et quia delectus.', 0, 25, '2020-03-23 09:13:07', '2020-03-23 09:13:07'),
(117, 'Jacynthe Considine', 'Consequatur est placeat voluptates ex consequatur consectetur totam. Fugiat et fugiat alias facere molestiae dolorem. Nobis voluptate qui aut quia ut omnis. Ut aut omnis et ea voluptas ut laboriosam.', 1, 13, '2020-03-23 09:13:07', '2020-03-23 09:13:07'),
(118, 'Anissa Kiehn', 'Id nesciunt sint porro. Quas sint magni expedita modi officiis. Autem libero nostrum aliquam tenetur voluptatem facere occaecati. Rem assumenda dolor beatae placeat corporis eos sit incidunt.', 4, 1, '2020-03-23 09:13:07', '2020-03-23 09:13:07'),
(119, 'Hilton Reynolds', 'Totam iusto fuga sit neque hic suscipit voluptatem nihil. Dolor nulla maiores sequi tempore iure sed architecto. Similique est officia soluta aut odit in.', 0, 2, '2020-03-23 09:13:07', '2020-03-23 09:13:07'),
(120, 'Destini Schmeler', 'Totam occaecati adipisci unde non neque sed ullam sit. Vero fugit fugiat illum et ratione. Ut quod ipsa voluptatem aperiam laboriosam vel fugit quod. Molestiae consequuntur dolorem molestiae numquam consectetur perferendis ipsa doloremque.', 4, 6, '2020-03-23 09:13:07', '2020-03-23 09:13:07'),
(121, 'Daniela Lemke', 'Itaque officiis molestias omnis quae dolores. Exercitationem aperiam et exercitationem. Quibusdam praesentium praesentium distinctio.', 0, 50, '2020-03-23 09:13:07', '2020-03-23 09:13:07'),
(122, 'Justice Fritsch', 'Ut officiis minima dicta inventore libero magnam consequatur. Eos laborum est laudantium non in. Error quo nisi qui. Voluptate quia voluptatem reiciendis. Eum eveniet nulla molestias voluptatum veritatis.', 1, 30, '2020-03-23 09:13:07', '2020-03-23 09:13:07'),
(123, 'Janie Lakin', 'Cupiditate quis quod quo molestiae consectetur in vel. Minus aut qui voluptates. Et maxime iste pariatur sed numquam. Non ipsum eligendi dolores sint.', 1, 48, '2020-03-23 09:13:07', '2020-03-23 09:13:07'),
(124, 'Roberta Klocko', 'Omnis aut beatae et ullam porro qui reprehenderit. Delectus quos ea dolorem. Quo blanditiis quia quidem inventore.', 0, 29, '2020-03-23 09:13:08', '2020-03-23 09:13:08'),
(125, 'Bernardo Waelchi', 'Delectus tempora mollitia voluptates natus sapiente quisquam. Omnis dolores voluptas est doloribus quo. Sint iste eius id quia. Aut fuga amet voluptatem est.', 2, 30, '2020-03-23 09:13:08', '2020-03-23 09:13:08'),
(126, 'Joannie Hyatt DDS', 'Accusamus nihil odit dignissimos distinctio perferendis dolores et incidunt. Earum vitae enim est aliquam. Sed dignissimos ratione nihil laudantium placeat et. Sint provident autem quidem placeat et.', 2, 26, '2020-03-23 09:13:08', '2020-03-23 09:13:08'),
(127, 'Brannon Bogisich', 'Est voluptatem ea error ipsum beatae aperiam. Vel in voluptas enim placeat perferendis id delectus velit. Saepe praesentium rerum ducimus tempore fuga.', 4, 5, '2020-03-23 09:13:08', '2020-03-23 09:13:08'),
(128, 'Mason Schiller', 'Necessitatibus occaecati neque optio qui itaque. Ipsam quia molestiae consectetur et illo earum eaque. Architecto accusantium et aut aspernatur quas velit et.', 0, 34, '2020-03-23 09:13:08', '2020-03-23 09:13:08'),
(129, 'Lynn Schamberger', 'Voluptatem vel molestiae beatae quo vel quo. Tempore ipsam ut rerum est blanditiis ut.', 0, 43, '2020-03-23 09:13:08', '2020-03-23 09:13:08'),
(130, 'Dulce Spinka', 'Perferendis delectus aut voluptas blanditiis. Recusandae facere velit iure et ea praesentium temporibus accusamus.', 0, 28, '2020-03-23 09:13:08', '2020-03-23 09:13:08'),
(131, 'Roslyn Reichert', 'Numquam sit qui veritatis quibusdam reiciendis nobis in odio. Eos nisi iure voluptas. Omnis dolor ut at impedit nemo blanditiis nihil. Aut eos sunt harum iure.', 1, 34, '2020-03-23 09:13:08', '2020-03-23 09:13:08'),
(132, 'Kira Ortiz', 'Ratione quia et quia voluptatem autem et deserunt. Aut sunt similique vero nulla dolores odio.', 5, 36, '2020-03-23 09:13:08', '2020-03-23 09:13:08'),
(133, 'Prof. Taryn Wilderman', 'Doloribus exercitationem consequuntur pariatur aut culpa consequatur praesentium. Excepturi officiis voluptas totam impedit ipsam. Qui qui et qui voluptas ut voluptatem commodi.', 2, 33, '2020-03-23 09:13:08', '2020-03-23 09:13:08'),
(134, 'Liza Stamm', 'Est aut sed eius omnis. Dolores repudiandae libero praesentium. Tenetur quas in eos aut repudiandae ut assumenda. Ab cupiditate enim dolorem unde error voluptatibus.', 4, 44, '2020-03-23 09:13:08', '2020-03-23 09:13:08'),
(135, 'Mr. Kenyon Huel', 'Explicabo sit ex et perferendis quia beatae. Dicta et vel laboriosam quia exercitationem voluptas iste. Est unde tenetur est amet. Rerum ut consequuntur similique reprehenderit qui.', 2, 24, '2020-03-23 09:13:08', '2020-03-23 09:13:08'),
(136, 'Simone Crooks Sr.', 'Eos sint quidem voluptas dolor inventore corporis quo. Odio ipsum omnis quia est consequatur. Et et esse dolore voluptas velit maiores. Ad qui rem expedita eaque nobis id.', 2, 16, '2020-03-23 09:13:08', '2020-03-23 09:13:08'),
(137, 'Mrs. Frederique Boyer', 'Vel et qui exercitationem omnis mollitia repellat sit. Qui ea non accusamus et in atque eos earum. Quasi aut alias iusto rerum aut. Dolorum quam ipsa explicabo qui natus.', 5, 33, '2020-03-23 09:13:08', '2020-03-23 09:13:08'),
(138, 'Ms. Willow Olson', 'Alias voluptas incidunt non dolores. Ut dolor doloremque perspiciatis eum. Quia excepturi alias ipsam quaerat.', 2, 17, '2020-03-23 09:13:08', '2020-03-23 09:13:08'),
(139, 'Henriette Hauck', 'Iusto quis praesentium fugit odio. Architecto molestias quo dignissimos repudiandae asperiores et nisi. Dolor iure labore consectetur itaque et ullam. Cupiditate non aut optio dolor.', 4, 35, '2020-03-23 09:13:08', '2020-03-23 09:13:08'),
(140, 'Dr. Marcus Towne V', 'Et exercitationem nisi omnis nobis autem et. Alias ducimus ex eaque harum. Deserunt et velit ut non. Animi quibusdam optio perspiciatis dolor aut debitis dolorem voluptatem.', 5, 31, '2020-03-23 09:13:08', '2020-03-23 09:13:08'),
(141, 'Madelynn Quitzon', 'Incidunt veritatis quibusdam non. Soluta error error odio et cum soluta. Est quod necessitatibus molestias iure. Et sequi quisquam beatae sapiente omnis fuga.', 1, 44, '2020-03-23 09:13:08', '2020-03-23 09:13:08'),
(142, 'Agnes Conroy', 'Corporis quia ducimus pariatur dolor magnam minima ad optio. Expedita quis quia magni nam qui. Natus sint fugiat ut voluptas mollitia.', 4, 9, '2020-03-23 09:13:08', '2020-03-23 09:13:08'),
(143, 'Alec Luettgen', 'Vel perferendis voluptatem et cum totam eaque ut sit. Qui quasi incidunt nostrum laborum pariatur animi. Voluptatum delectus corrupti eos ut quaerat.', 1, 16, '2020-03-23 09:13:08', '2020-03-23 09:13:08'),
(144, 'Marielle Predovic', 'Occaecati culpa ut officiis et et. Sint perspiciatis eligendi asperiores. Quam nobis sit dolor quia incidunt non.', 5, 26, '2020-03-23 09:13:08', '2020-03-23 09:13:08'),
(145, 'Miss Winifred Lesch', 'Omnis pariatur et temporibus labore qui aperiam numquam tempore. Dolorem consequatur voluptatum delectus doloremque magnam recusandae. Non nobis nemo nihil. Non aut dolorum ullam vero.', 2, 8, '2020-03-23 09:13:08', '2020-03-23 09:13:08'),
(146, 'Veda Lubowitz', 'Aut ut ut autem et ratione optio. Impedit natus et corporis eveniet ab ullam assumenda. Iste adipisci eum accusamus sit rerum hic cum. Voluptatem magni ratione ratione aspernatur ab neque voluptas.', 3, 16, '2020-03-23 09:13:08', '2020-03-23 09:13:08'),
(147, 'Gladyce Kassulke', 'In quae sunt et necessitatibus. Recusandae eos accusamus labore in. Facere earum inventore voluptates quisquam aspernatur. Aut voluptas eius sed vel perferendis. Ut quaerat inventore quo.', 2, 42, '2020-03-23 09:13:08', '2020-03-23 09:13:08'),
(148, 'Dr. Bryce Prosacco', 'Minima minus harum distinctio itaque alias voluptatem. Veritatis magni nihil doloremque eos dolorem quia. Tenetur eaque ratione autem dolorem saepe voluptatem dolorum. Provident quidem autem velit quam quis dolorem aut.', 5, 15, '2020-03-23 09:13:08', '2020-03-23 09:13:08'),
(149, 'Eunice Rippin', 'Omnis omnis quisquam eos facere. Unde consequuntur voluptatem dolor autem et sed. Quas incidunt omnis beatae quo molestiae odio aut.', 2, 6, '2020-03-23 09:13:08', '2020-03-23 09:13:08'),
(150, 'Mr. Theron Barrows PhD', 'Vitae facere repudiandae enim laboriosam debitis accusamus. Velit placeat iste tempore aspernatur commodi. Non qui id reiciendis ipsam.', 4, 10, '2020-03-23 09:13:08', '2020-03-23 09:13:08'),
(151, 'Josephine Koepp PhD', 'Autem in soluta tenetur velit voluptate porro. Nihil aut est fuga et occaecati temporibus. Animi quo officiis ipsam.', 2, 40, '2020-03-23 09:13:08', '2020-03-23 09:13:08'),
(152, 'Anita Abbott', 'Omnis et voluptas ducimus quas provident ex consequatur. Sed velit sunt voluptatem commodi. Consequuntur dolorum quis sunt.', 2, 11, '2020-03-23 09:13:08', '2020-03-23 09:13:08'),
(153, 'Aniyah Kunde', 'Vitae nam omnis vel iste perferendis. Inventore numquam eos dolorum tempore provident et impedit. Asperiores expedita voluptatum deserunt sapiente dolorem dolorem. Aut corporis atque velit voluptatem molestiae sed qui est.', 1, 34, '2020-03-23 09:13:08', '2020-03-23 09:13:08'),
(154, 'Nedra Sipes', 'Temporibus temporibus optio natus. Dolorum aut deleniti ea ratione a. Et suscipit tenetur exercitationem quis. Voluptatem minus harum quis impedit quae iusto est.', 0, 11, '2020-03-23 09:13:08', '2020-03-23 09:13:08'),
(155, 'Theo Cummerata', 'Itaque dolores deserunt veniam sint. Autem dignissimos dolorem et ea. Velit dolores omnis aut quaerat est voluptatum. Hic corrupti voluptatem neque suscipit.', 4, 24, '2020-03-23 09:13:08', '2020-03-23 09:13:08'),
(156, 'Prof. Savanna Huels V', 'Ut quis qui expedita a voluptas dicta velit. Ut ullam nesciunt illum aut ut modi quisquam. Et esse saepe error dolorem voluptas explicabo.', 4, 41, '2020-03-23 09:13:08', '2020-03-23 09:13:08'),
(157, 'Rebecca Toy', 'Sed asperiores est eaque totam. Esse repudiandae non explicabo nemo cupiditate ab assumenda. Eligendi vel mollitia adipisci nisi reiciendis in quod aut.', 5, 49, '2020-03-23 09:13:08', '2020-03-23 09:13:08'),
(158, 'Scotty Nienow', 'Illo corporis explicabo aut hic est non dolorem. Incidunt impedit natus maiores dolor.', 4, 22, '2020-03-23 09:13:08', '2020-03-23 09:13:08'),
(159, 'Mr. Lionel McCullough III', 'Voluptas accusamus sit sequi autem iste nobis molestiae. Nam dolorem rerum eum et. Deserunt pariatur id qui sequi.', 4, 3, '2020-03-23 09:13:08', '2020-03-23 09:13:08'),
(160, 'Lester Stoltenberg', 'Numquam saepe in sit harum qui. Et itaque accusantium voluptatem. Tenetur occaecati in inventore vel. Dolorem dolores fuga aut dolor.', 3, 37, '2020-03-23 09:13:08', '2020-03-23 09:13:08'),
(161, 'Prof. Deangelo Rogahn III', 'Consequatur et voluptatem et aliquid rerum. Odio debitis sed exercitationem voluptatibus earum quisquam facilis neque. Temporibus earum maiores doloremque eos. Non id eos cupiditate ut mollitia sit excepturi.', 0, 2, '2020-03-23 09:13:08', '2020-03-23 09:13:08'),
(162, 'Francisca Spinka', 'Et eveniet vel veniam. Consequatur doloribus dolorem sit possimus sed.', 1, 17, '2020-03-23 09:13:08', '2020-03-23 09:13:08'),
(163, 'Loyce Wyman', 'Ut porro vel cumque veniam quibusdam libero. Est dolores minima praesentium pariatur minus neque quam. Porro quaerat nihil vitae sint tempore.', 3, 41, '2020-03-23 09:13:08', '2020-03-23 09:13:08'),
(164, 'Pete Feeney', 'Excepturi labore ipsam est dicta rem est. Qui quia ullam dolore exercitationem. Est reprehenderit quae saepe aliquam veniam at quod.', 0, 3, '2020-03-23 09:13:08', '2020-03-23 09:13:08'),
(165, 'Kaelyn Abernathy', 'Sapiente illum similique debitis explicabo debitis praesentium incidunt. Dignissimos quia consectetur aliquam praesentium vel iusto. Et et in assumenda sunt dolor ut ducimus. Esse dolor autem consectetur recusandae rerum.', 0, 5, '2020-03-23 09:13:08', '2020-03-23 09:13:08'),
(166, 'Sophie Cronin', 'Magni reprehenderit ab a animi sed nulla. Aut at enim doloremque illum voluptatem. Qui nobis perspiciatis et consequatur iste quia architecto. Exercitationem velit dolores blanditiis.', 4, 37, '2020-03-23 09:13:08', '2020-03-23 09:13:08'),
(167, 'Valentin Cole PhD', 'Debitis repellendus nobis minima repudiandae quia. Consequatur excepturi est commodi autem. Qui sed ut sit. Nam vel velit eveniet maxime.', 3, 9, '2020-03-23 09:13:08', '2020-03-23 09:13:08'),
(168, 'Hershel Orn', 'Dolorem accusamus dolorum laborum iusto fugit. Et provident consectetur saepe totam rerum sed. Qui velit ut unde cum.', 4, 41, '2020-03-23 09:13:08', '2020-03-23 09:13:08'),
(169, 'Major Cartwright', 'Magnam sit vitae pariatur cupiditate voluptatem. Nostrum ipsam debitis blanditiis natus aut. Placeat aut dolores qui molestiae. Aperiam maiores earum repudiandae temporibus.', 5, 29, '2020-03-23 09:13:08', '2020-03-23 09:13:08'),
(170, 'Dr. Helen Trantow DVM', 'Reprehenderit quibusdam id eveniet possimus ipsa exercitationem vitae. Rerum dolores animi porro odit. Natus eius dolores illo numquam.', 5, 45, '2020-03-23 09:13:08', '2020-03-23 09:13:08'),
(171, 'Adelia Bernhard', 'Totam dolorem at vel corrupti eum labore. Quae commodi dolore sit. Omnis doloribus neque facilis vel ut omnis odit. Molestiae assumenda nesciunt dolor cum.', 2, 36, '2020-03-23 09:13:08', '2020-03-23 09:13:08'),
(172, 'Prof. Mateo Smith', 'Veniam animi non at enim ad. Similique iusto repellendus nulla fugiat. Debitis dicta consequuntur ut dolores non eum dolorem non.', 1, 4, '2020-03-23 09:13:08', '2020-03-23 09:13:08'),
(173, 'Prof. Lacey Moen', 'Quod officiis cupiditate voluptatibus rerum assumenda omnis temporibus error. Ad assumenda magni assumenda quod ea ad.', 2, 28, '2020-03-23 09:13:08', '2020-03-23 09:13:08'),
(174, 'Freddie Waters II', 'Ut ducimus officiis ducimus esse reprehenderit minus natus eos. Debitis itaque optio eum praesentium molestiae necessitatibus voluptas provident.', 0, 31, '2020-03-23 09:13:08', '2020-03-23 09:13:08'),
(175, 'Jordy Jast', 'Blanditiis doloribus quis fugit animi consequatur velit. Veritatis id vel perspiciatis officia tempora aliquam. Asperiores earum minus unde qui quod ducimus vel. Magni quae ipsa hic tempore incidunt aut blanditiis omnis.', 3, 32, '2020-03-23 09:13:08', '2020-03-23 09:13:08'),
(176, 'Ciara Klocko PhD', 'Et libero saepe consequuntur eligendi qui minus sed. Nihil soluta illo velit aut nihil aut quasi. Est quae quis pariatur est corporis. Dolorum assumenda architecto ipsa eos nam voluptatibus omnis.', 1, 3, '2020-03-23 09:13:08', '2020-03-23 09:13:08'),
(177, 'Jess Tremblay', 'Error necessitatibus ad id modi aut quia. Optio explicabo dicta facilis a eos qui natus. Est voluptatem qui sapiente distinctio ab aliquam.', 1, 42, '2020-03-23 09:13:08', '2020-03-23 09:13:08'),
(178, 'Libbie Hermann', 'Pariatur in deserunt voluptas culpa excepturi autem aut et. Impedit hic voluptas dolor repellat quas. Officia quam illo corrupti aut et sint ut. Deserunt facilis facilis sunt est.', 5, 30, '2020-03-23 09:13:08', '2020-03-23 09:13:08'),
(179, 'Clarissa Zieme', 'Illum consequatur asperiores blanditiis reprehenderit repellendus eius et. Voluptatum et qui sit. Rerum dolor et recusandae omnis aperiam et adipisci.', 1, 40, '2020-03-23 09:13:08', '2020-03-23 09:13:08'),
(180, 'Graham Kub', 'Minima et fuga omnis assumenda expedita doloribus nisi. Pariatur qui nesciunt modi id. Est dolorum voluptatem numquam itaque. Est pariatur consequatur possimus debitis soluta quae nam qui.', 2, 1, '2020-03-23 09:13:08', '2020-03-23 09:13:08'),
(181, 'Tracey Barrows', 'Vel consequatur sapiente sint. Totam dolores totam sint nam sequi dolore aperiam ipsum. Ea non sunt perspiciatis ut.', 1, 32, '2020-03-23 09:13:08', '2020-03-23 09:13:08'),
(182, 'Jewel Stanton', 'Autem esse tenetur quaerat dolore. Voluptatum ea natus minus molestiae eos. Repellendus suscipit quidem ut aut maxime sed et.', 0, 25, '2020-03-23 09:13:08', '2020-03-23 09:13:08'),
(183, 'Prof. Unique Kozey I', 'Ipsum fugiat laudantium magnam recusandae dolores ratione. Numquam temporibus sequi qui qui qui rerum. Ut molestiae ut et ut. Ad illo suscipit quas itaque.', 4, 12, '2020-03-23 09:13:08', '2020-03-23 09:13:08'),
(184, 'Ms. Oma Ward', 'Dolore consectetur qui voluptatem a. Ut saepe ratione neque esse rerum deserunt blanditiis cumque. Voluptatem possimus sunt laboriosam adipisci repellendus qui architecto.', 0, 16, '2020-03-23 09:13:08', '2020-03-23 09:13:08'),
(185, 'Nella Kilback', 'Maiores qui sunt repudiandae excepturi. Amet et rerum soluta qui fuga ea. Veritatis veritatis illum voluptatem non ratione.', 0, 44, '2020-03-23 09:13:08', '2020-03-23 09:13:08'),
(186, 'Devin Cartwright', 'Eveniet porro autem rem. Rerum eos nihil quaerat cumque. Est deleniti modi et. Dolore maiores et quo doloribus.', 3, 11, '2020-03-23 09:13:09', '2020-03-23 09:13:09'),
(187, 'Anthony King', 'Accusantium laboriosam impedit animi natus ut et. Et culpa dolore tenetur. Sint animi iste hic voluptates natus nemo. Repudiandae eveniet natus aperiam natus.', 3, 12, '2020-03-23 09:13:09', '2020-03-23 09:13:09'),
(188, 'Triston Oberbrunner DDS', 'Explicabo suscipit enim fuga voluptatem qui ut ut esse. Numquam corrupti quia non rerum error eos facere. Et sed et nesciunt labore quia. Ut tenetur quia eius aut.', 2, 4, '2020-03-23 09:13:09', '2020-03-23 09:13:09'),
(189, 'Wilfredo Hickle', 'Repudiandae consequatur quas et eum. Odio qui distinctio excepturi ex. Dolorem harum aut ut a aut itaque alias qui. Veritatis facilis facilis sed aut unde culpa vel dolorum.', 3, 35, '2020-03-23 09:13:09', '2020-03-23 09:13:09'),
(190, 'Hermina Hermiston', 'Aspernatur enim aut omnis ducimus. Dolores tempore accusamus earum eos omnis qui. Modi aperiam ex sunt provident aperiam eum sequi sed.', 1, 31, '2020-03-23 09:13:09', '2020-03-23 09:13:09'),
(191, 'Kian McClure', 'Quibusdam porro temporibus ex voluptatem sapiente unde sit. Fugit sunt deleniti est vero eaque. Aliquid at aliquid ex sed aut exercitationem est vero. Est reiciendis quam voluptas corporis officia est.', 1, 7, '2020-03-23 09:13:09', '2020-03-23 09:13:09'),
(192, 'Autumn Nitzsche', 'Aspernatur non autem minus autem magni. Voluptatem consectetur ipsum ut qui. Molestias itaque quia et reiciendis. Ut impedit alias ex omnis.', 1, 8, '2020-03-23 09:13:09', '2020-03-23 09:13:09'),
(193, 'Dr. Valerie Schuppe', 'Aliquid officiis deleniti deleniti tempora quae velit molestias. Sit sed accusamus consequatur explicabo consequatur expedita totam velit. Ipsa eos magni beatae. Id quam veniam nesciunt tenetur libero ut.', 2, 46, '2020-03-23 09:13:09', '2020-03-23 09:13:09'),
(194, 'Marques Bogan', 'Totam quidem dolores magni sequi ipsam hic ipsum totam. Consequuntur cum ex tempora explicabo. Et eaque error molestiae officiis in rerum sed sed. Nesciunt quaerat at expedita perferendis consequatur.', 5, 6, '2020-03-23 09:13:09', '2020-03-23 09:13:09'),
(195, 'Lavinia Zulauf', 'Quo unde eligendi debitis tenetur deserunt. Facere earum eveniet velit commodi delectus nihil blanditiis.', 1, 44, '2020-03-23 09:13:09', '2020-03-23 09:13:09'),
(196, 'Candice Beer', 'Est nihil atque impedit beatae numquam. Labore non officiis earum ullam dolorem aut autem. Rerum et qui laborum est in.', 3, 19, '2020-03-23 09:13:09', '2020-03-23 09:13:09'),
(197, 'Lesley Swift', 'Id quo sed ipsam sed quisquam voluptatibus. Placeat quis qui et sunt distinctio ut id. Ex atque omnis accusamus consequatur odio molestiae. Fugit commodi ea et sunt odio non dolor qui.', 0, 49, '2020-03-23 09:13:09', '2020-03-23 09:13:09'),
(198, 'Prof. Rachel Dicki DVM', 'Possimus provident qui voluptas id repellat. Aliquid distinctio tempora accusamus ut voluptas dolores. Saepe esse quia et totam rerum illo repellat.', 2, 36, '2020-03-23 09:13:09', '2020-03-23 09:13:09'),
(199, 'Mr. Lester Ortiz Sr.', 'Nemo ea tempora quos veniam unde aliquid temporibus. Repellendus laboriosam iure vitae quae est consequatur. Tempora qui porro enim iure ab praesentium amet. Esse ad consectetur sed velit ex.', 3, 6, '2020-03-23 09:13:09', '2020-03-23 09:13:09'),
(200, 'Nathaniel Hansen', 'Dolorem rerum qui recusandae alias. Ut ducimus labore tenetur tempore. Nihil recusandae debitis vel nemo.', 0, 16, '2020-03-23 09:13:09', '2020-03-23 09:13:09'),
(201, 'Thaddeus Bauch', 'Est animi ut nihil labore et omnis voluptas. Cum dignissimos eum odio voluptas at. Omnis non totam deleniti officiis delectus consequuntur.', 3, 29, '2020-03-23 09:13:09', '2020-03-23 09:13:09'),
(202, 'Miss Creola Brakus I', 'Nesciunt et molestiae a velit repellendus adipisci deleniti. Quia eos voluptatem cupiditate eveniet. Dolor ad id nesciunt neque saepe.', 0, 32, '2020-03-23 09:13:09', '2020-03-23 09:13:09'),
(203, 'Jadyn Rempel', 'Exercitationem voluptatibus enim praesentium consectetur quibusdam adipisci. Dolorem praesentium vitae laudantium dolorum. Magni explicabo quas ut cupiditate. Et ut expedita soluta minus autem officia sint.', 1, 24, '2020-03-23 09:13:09', '2020-03-23 09:13:09'),
(204, 'Isidro Lind', 'Consequuntur quas voluptas fugit maxime. Eum sed ut neque ipsum quia distinctio. Magnam enim provident aspernatur maxime quia aut.', 0, 1, '2020-03-23 09:13:09', '2020-03-23 09:13:09'),
(205, 'Ms. Kirsten Huel I', 'Quia quaerat sunt veritatis eum. Sit illo qui voluptatem id alias. Est praesentium perferendis illo debitis. Natus voluptatum sed molestias facilis qui sed repellat. Et architecto quam unde eaque facilis.', 3, 5, '2020-03-23 09:13:09', '2020-03-23 09:13:09'),
(206, 'Prof. Avis Dickinson Sr.', 'Consectetur inventore aliquid enim minus. Suscipit exercitationem dolorem repudiandae impedit error deserunt ipsa assumenda. Autem autem dolore cumque odit laudantium numquam. Accusamus sequi ducimus numquam architecto consequatur voluptatibus.', 0, 42, '2020-03-23 09:13:09', '2020-03-23 09:13:09'),
(207, 'Prof. Ava Hickle IV', 'Voluptatum aut consequatur architecto quod. Repellat nam officia sint magnam maiores aspernatur magni. Qui fuga enim et cupiditate unde quibusdam. Et aut cupiditate soluta.', 5, 28, '2020-03-23 09:13:09', '2020-03-23 09:13:09'),
(208, 'Foster Rohan', 'Qui deleniti nulla doloremque dolor aperiam atque sequi delectus. Fuga saepe dolorem alias.', 2, 40, '2020-03-23 09:13:09', '2020-03-23 09:13:09'),
(209, 'Pierre Pouros', 'Sed vel maiores ea enim reprehenderit nam. Sequi minima et dicta unde nostrum nesciunt excepturi. Eaque ut aliquid qui et assumenda ad magni.', 3, 35, '2020-03-23 09:13:09', '2020-03-23 09:13:09'),
(210, 'Jackson Rohan', 'Voluptatem rem eveniet et aut provident rerum. Cum ab unde reprehenderit cupiditate debitis nesciunt. Autem eos et aut magni blanditiis quod et.', 3, 17, '2020-03-23 09:13:09', '2020-03-23 09:13:09'),
(211, 'Dr. Tremaine Wyman', 'Quae quidem earum ad. Architecto ipsum commodi ut earum sunt. Corrupti rerum et voluptas ut. Et ipsam temporibus sunt ad aliquid. Dolore explicabo sed placeat autem totam.', 4, 8, '2020-03-23 09:13:09', '2020-03-23 09:13:09'),
(212, 'Alexandre Hudson', 'Voluptatem commodi id fuga cum aliquid ut. Et blanditiis labore quisquam tempore consequatur omnis aut. Est ullam esse sit dolor est quos quisquam.', 3, 20, '2020-03-23 09:13:09', '2020-03-23 09:13:09');
INSERT INTO `reviews` (`id`, `customer`, `review`, `star`, `product_id`, `created_at`, `updated_at`) VALUES
(213, 'Foster Brakus', 'Eius voluptatibus id quasi eius aut eos. Et dolores autem ut laboriosam tempora dolor. Totam adipisci possimus accusantium occaecati voluptate.', 5, 19, '2020-03-23 09:13:09', '2020-03-23 09:13:09'),
(214, 'Sadye Hartmann', 'Dicta debitis qui ad fugiat. Asperiores aliquid officia et dolore exercitationem aliquam tenetur. Officiis aperiam eos natus perferendis voluptates.', 4, 40, '2020-03-23 09:13:09', '2020-03-23 09:13:09'),
(215, 'Llewellyn Yost', 'Ipsum a exercitationem quae non cumque. Eum sit laboriosam ipsa velit facilis. Molestias voluptatem facilis beatae similique nemo sapiente id. Ad doloremque doloribus asperiores molestias error accusantium.', 2, 41, '2020-03-23 09:13:09', '2020-03-23 09:13:09'),
(216, 'Kailyn Pfeffer', 'Totam cum et quia voluptatem doloremque deserunt minima minima. Reprehenderit recusandae corrupti optio et quia. Qui temporibus dolor est non omnis. Quaerat officiis natus unde maiores.', 5, 32, '2020-03-23 09:13:09', '2020-03-23 09:13:09'),
(217, 'Judah Herman', 'Ea consequatur eaque in facilis est. Culpa ab officia sequi officia quia aut.', 3, 1, '2020-03-23 09:13:09', '2020-03-23 09:13:09'),
(218, 'Idella Turner I', 'Commodi enim veniam enim similique fuga. Quaerat autem sunt ut corrupti nostrum sapiente. Nobis vel deleniti sed cumque nulla sed quam.', 3, 38, '2020-03-23 09:13:09', '2020-03-23 09:13:09'),
(219, 'Terrence Wintheiser', 'Enim exercitationem amet perferendis quia quidem. Molestiae voluptatum consectetur quasi ipsum velit tempore qui. Recusandae nihil consequatur et expedita. Illum qui provident ducimus recusandae ducimus ducimus fugit.', 3, 38, '2020-03-23 09:13:09', '2020-03-23 09:13:09'),
(220, 'Prof. Kobe Doyle', 'Aut quae illo nisi repudiandae ex accusamus ipsum. Aut provident itaque eum inventore qui occaecati rerum. Nostrum natus minima officia in totam.', 4, 22, '2020-03-23 09:13:09', '2020-03-23 09:13:09'),
(221, 'Cathrine Graham II', 'Quia omnis reiciendis aut et. Sint occaecati vel necessitatibus nemo. Quae repellendus repellendus in sed asperiores.', 3, 23, '2020-03-23 09:13:09', '2020-03-23 09:13:09'),
(222, 'Eileen White I', 'Qui eius quos consectetur dolore a ratione. Vitae exercitationem autem aspernatur cum sit fuga. Sunt laboriosam tenetur optio minus.', 4, 45, '2020-03-23 09:13:09', '2020-03-23 09:13:09'),
(223, 'Mrs. Christina Koch Jr.', 'Aut veritatis eius error dicta rem. Eligendi odit nulla quis at eos sed. Corrupti voluptatem in soluta. Laborum soluta nihil adipisci labore laborum deleniti ab.', 3, 16, '2020-03-23 09:13:09', '2020-03-23 09:13:09'),
(224, 'Dr. Sophia McDermott', 'Sit accusamus possimus pariatur optio et. Consequatur quasi explicabo ad officiis alias ea vel. Inventore magni odio amet veniam. Neque et odio sit aut saepe.', 5, 49, '2020-03-23 09:13:09', '2020-03-23 09:13:09'),
(225, 'Mr. Donald Steuber', 'Quia optio fugit omnis magnam ipsa cupiditate tempore quia. Quasi nesciunt quidem reprehenderit ut voluptas error et. Numquam quae saepe sit cupiditate. Et explicabo consequuntur culpa aut quam.', 5, 16, '2020-03-23 09:13:09', '2020-03-23 09:13:09'),
(226, 'Dr. Hayley Bosco Sr.', 'Nisi eveniet iste soluta quae accusamus quia dicta. Cumque neque voluptate provident aliquam necessitatibus aut consequatur. Alias molestiae quas perspiciatis autem. Culpa voluptatum impedit eligendi quas quo.', 0, 9, '2020-03-23 09:13:09', '2020-03-23 09:13:09'),
(227, 'Beverly Cummerata', 'Autem voluptatem sint eius quam dolorum deserunt facere. Ea et nihil aut qui sed. Atque praesentium omnis amet debitis dolore.', 1, 6, '2020-03-23 09:13:09', '2020-03-23 09:13:09'),
(228, 'Hunter Kertzmann Jr.', 'Voluptatem dolores illo sequi totam dolorem culpa corporis. Qui commodi deleniti qui id voluptatem. Veniam perferendis vel consequuntur blanditiis. Eius quia natus dolor voluptates accusamus delectus.', 2, 24, '2020-03-23 09:13:09', '2020-03-23 09:13:09'),
(229, 'Rubye Buckridge', 'Repellendus natus et fugiat reiciendis amet omnis. In modi voluptate tempora.', 1, 1, '2020-03-23 09:13:09', '2020-03-23 09:13:09'),
(230, 'Glennie Yundt', 'Qui praesentium et ipsum deleniti. Porro pariatur asperiores aut eum ex minus commodi. Numquam quidem similique et.', 2, 19, '2020-03-23 09:13:09', '2020-03-23 09:13:09'),
(231, 'Ms. Carli Moen III', 'Molestiae error nulla ut dicta aut. Error voluptatem veritatis mollitia molestias soluta.', 5, 31, '2020-03-23 09:13:09', '2020-03-23 09:13:09'),
(232, 'Bridgette Smitham', 'Est aliquid debitis consequatur consectetur natus eaque. Dicta commodi possimus tempora et sint. Ut sapiente accusantium omnis mollitia.', 0, 16, '2020-03-23 09:13:09', '2020-03-23 09:13:09'),
(233, 'Ursula King', 'Non sit ut eaque incidunt sequi a. Facilis eos dolorem quibusdam incidunt consequatur. Quia fuga fugiat non ab sint velit aut.', 1, 12, '2020-03-23 09:13:09', '2020-03-23 09:13:09'),
(234, 'Graham Stehr', 'Sed atque aut facilis odit saepe neque quod magnam. Occaecati quae autem deserunt facilis dolores. Nisi reiciendis dolores quisquam et et molestiae. Qui ut voluptatibus sit alias quaerat earum.', 1, 45, '2020-03-23 09:13:09', '2020-03-23 09:13:09'),
(235, 'Dr. Braulio Spinka Jr.', 'Fugiat inventore ullam et exercitationem nesciunt ut ut. Eius dolorem eveniet adipisci ut eveniet magni rerum.', 0, 12, '2020-03-23 09:13:09', '2020-03-23 09:13:09'),
(236, 'Josh Kertzmann', 'Provident ipsa molestias totam nisi. Dolor quas beatae quae doloremque dolorem officiis sunt at. Et corporis excepturi reiciendis recusandae. Et odio non corrupti laudantium. Nulla laboriosam incidunt quia et perferendis quidem.', 3, 31, '2020-03-23 09:13:09', '2020-03-23 09:13:09'),
(237, 'Amara Morissette', 'Recusandae asperiores omnis quia rerum ea. Rerum ut vel odit sed et. Quo accusantium rem impedit aut ducimus tempore quia qui. Non quaerat impedit praesentium voluptate.', 4, 4, '2020-03-23 09:13:09', '2020-03-23 09:13:09'),
(238, 'Izaiah Senger', 'Dolorum magni possimus labore eos est doloremque. Soluta quisquam perspiciatis ipsam molestias. Reiciendis voluptate ut mollitia ea dolorum dolore.', 5, 6, '2020-03-23 09:13:09', '2020-03-23 09:13:09'),
(239, 'Prof. Abner Dare', 'Culpa et qui et. Eaque totam vel in quas. Molestiae placeat odit occaecati voluptatem facilis ducimus.', 3, 14, '2020-03-23 09:13:09', '2020-03-23 09:13:09'),
(240, 'Susanna Altenwerth', 'Nihil quia quis consequatur ipsa molestiae quia facilis. Praesentium aut fugit praesentium debitis doloremque et. Ab debitis perferendis inventore eaque eum.', 0, 1, '2020-03-23 09:13:09', '2020-03-23 09:13:09'),
(241, 'Prof. Kailey Hackett V', 'Consequatur consequatur et ex eos officiis ab. Beatae et ipsam aperiam harum sint praesentium iure. Facilis harum voluptate eius explicabo vel. Culpa unde impedit eligendi dolorem explicabo.', 3, 27, '2020-03-23 09:13:09', '2020-03-23 09:13:09'),
(242, 'Prof. Jarvis Goyette II', 'Necessitatibus quo temporibus qui. Atque facere rerum tenetur excepturi velit.', 4, 3, '2020-03-23 09:13:09', '2020-03-23 09:13:09'),
(243, 'Brenna Schroeder', 'Accusantium minima maxime in. Ad deleniti non velit tenetur. Accusamus vitae vel qui. Ratione nemo voluptas necessitatibus unde ducimus earum eligendi.', 0, 43, '2020-03-23 09:13:09', '2020-03-23 09:13:09'),
(244, 'Marian Ondricka', 'Ipsum minus omnis in amet repellat. Soluta reprehenderit vero inventore magni qui quia. Quia est sit esse assumenda. Sit sit modi dicta commodi.', 2, 28, '2020-03-23 09:13:10', '2020-03-23 09:13:10'),
(245, 'Jodie Pagac', 'Cumque quisquam omnis cupiditate accusamus voluptates reiciendis assumenda. Est porro assumenda sed est ratione quia. A molestiae quos est inventore ab delectus.', 4, 3, '2020-03-23 09:13:10', '2020-03-23 09:13:10'),
(246, 'Oliver Conn', 'Optio quasi libero distinctio qui et hic sint quia. Fuga aliquid odio et maiores laboriosam dignissimos et. Ut odit qui minus ut. Molestiae architecto sed nisi mollitia labore consequatur asperiores.', 1, 31, '2020-03-23 09:13:10', '2020-03-23 09:13:10'),
(247, 'Kiera Mueller', 'Unde sint reiciendis quidem perspiciatis. Qui placeat explicabo dicta et ut delectus qui. Non pariatur ut velit dolores. Corrupti atque quod atque.', 3, 35, '2020-03-23 09:13:10', '2020-03-23 09:13:10'),
(248, 'Prof. Idell Turcotte', 'Architecto velit cupiditate cum natus corporis distinctio nulla molestias. Et aut praesentium mollitia eligendi exercitationem. Molestiae voluptatem beatae minus eos quaerat veritatis autem. Et eveniet sint amet nemo vero quod fugit.', 3, 23, '2020-03-23 09:13:10', '2020-03-23 09:13:10'),
(249, 'Lorenz Hudson', 'Nulla et quidem voluptatem voluptatum occaecati. Perferendis facilis sed molestiae asperiores. Ipsum et laboriosam quia quam aut dolorem.', 2, 34, '2020-03-23 09:13:10', '2020-03-23 09:13:10'),
(250, 'Della Blick I', 'A et enim vel dolores. Amet sit et id minus. Architecto iusto ipsa ullam voluptate.', 1, 49, '2020-03-23 09:13:10', '2020-03-23 09:13:10'),
(251, 'Melvin Prosacco', 'Assumenda placeat debitis nulla ut. Qui qui quis asperiores. Ratione aut pariatur earum a commodi animi. Saepe provident ut fugiat iure eaque quam. Rerum quidem est modi delectus aut mollitia et.', 0, 50, '2020-03-23 09:13:10', '2020-03-23 09:13:10'),
(252, 'Alycia Corwin', 'Corrupti quia culpa voluptas praesentium. Officia ea autem eius consectetur. Fugiat architecto porro atque et eaque.', 3, 14, '2020-03-23 09:13:10', '2020-03-23 09:13:10'),
(253, 'Prince Gleichner', 'Facilis sunt aliquid consequatur doloribus quae voluptas eaque architecto. Accusamus doloremque a et tenetur ut accusamus.', 3, 29, '2020-03-23 09:13:10', '2020-03-23 09:13:10'),
(254, 'Geoffrey Okuneva', 'At quod soluta ea similique velit officiis sit nemo. Doloremque nihil facilis quam repudiandae id. Porro nihil esse excepturi tenetur enim dolores esse. Fuga vitae ut voluptatem animi eum aperiam et.', 4, 26, '2020-03-23 09:13:10', '2020-03-23 09:13:10'),
(255, 'Zena Wintheiser', 'Voluptates iusto magnam placeat ipsum occaecati quis. In in nisi enim fugit rerum qui. Harum libero ipsum veritatis omnis. Sequi unde voluptas in distinctio voluptatem et architecto ut.', 4, 28, '2020-03-23 09:13:10', '2020-03-23 09:13:10'),
(256, 'Leanne Kihn', 'Dicta minus expedita est. Quam aliquam atque odit. Corporis explicabo sint odit quo corporis. Quis dignissimos aut est deserunt.', 0, 19, '2020-03-23 09:13:10', '2020-03-23 09:13:10'),
(257, 'Reece Windler', 'Quod quam fuga voluptates voluptatibus et. Repellendus aut qui rerum voluptates perferendis. Consequuntur a nam quia est non itaque dolore.', 0, 14, '2020-03-23 09:13:10', '2020-03-23 09:13:10'),
(258, 'Prof. Wyman Sporer', 'Ipsum molestiae eius omnis aut sapiente accusantium placeat. Vel nihil similique deleniti tempore eos quaerat. Beatae eveniet voluptas error optio.', 4, 1, '2020-03-23 09:13:10', '2020-03-23 09:13:10'),
(259, 'Nora Boyle', 'Rerum nihil praesentium omnis ea sit soluta. Dolores aliquam voluptas voluptatem dolores odit. Ipsa veniam iusto et et. Eaque dolore nisi rerum corporis assumenda.', 3, 6, '2020-03-23 09:13:10', '2020-03-23 09:13:10'),
(260, 'Dr. Luisa Marvin V', 'Deserunt aliquam dignissimos neque in. Facere possimus perspiciatis magni facere quasi et exercitationem.', 2, 28, '2020-03-23 09:13:10', '2020-03-23 09:13:10'),
(261, 'Kenny Hartmann', 'Non non excepturi porro unde doloremque. Et voluptatibus dolores autem. Qui rerum molestiae pariatur. Doloremque deserunt sed eveniet reprehenderit.', 2, 50, '2020-03-23 09:13:10', '2020-03-23 09:13:10'),
(262, 'Jasper Cummings', 'Sapiente nisi autem ullam inventore dolorum harum impedit. Asperiores accusamus qui eaque et doloribus iusto. Qui nihil nihil aut doloremque odit.', 2, 5, '2020-03-23 09:13:10', '2020-03-23 09:13:10'),
(263, 'Ada Cummerata DDS', 'Rerum voluptatem repellendus iste facere fugiat error iste ad. Iste ut quo ut natus sint necessitatibus. Delectus repellat labore perspiciatis ut odio similique et.', 5, 41, '2020-03-23 09:13:10', '2020-03-23 09:13:10'),
(264, 'Clementine Spinka', 'Consequatur asperiores provident consequatur voluptatibus aut ea veniam. Quo delectus nisi distinctio est voluptates. Laborum qui cumque non enim quis iure. Voluptatem totam tenetur et perferendis voluptatem enim.', 2, 26, '2020-03-23 09:13:10', '2020-03-23 09:13:10'),
(265, 'Kale Kuhlman', 'Illo libero autem omnis dolorum vero veniam iusto. Molestias impedit et id molestiae quo aspernatur. Rerum velit quibusdam et. Cupiditate corrupti consequatur voluptas repellat et delectus ut repellat.', 4, 50, '2020-03-23 09:13:10', '2020-03-23 09:13:10'),
(266, 'Rhiannon Haag', 'Ut sed ipsam est numquam quis. Nihil nam impedit iusto et magni necessitatibus. Eaque minima asperiores vitae veniam eius vel. Numquam aperiam facere error voluptates.', 3, 40, '2020-03-23 09:13:10', '2020-03-23 09:13:10'),
(267, 'Celestino Runolfsdottir', 'Rerum pariatur eum soluta dignissimos. Nihil ut nisi consequuntur reiciendis facere cum. Iure consequatur repellendus doloremque atque. Fugit nemo ipsum autem qui cupiditate inventore qui. Veritatis et quidem nihil labore ipsa rem inventore.', 2, 9, '2020-03-23 09:13:10', '2020-03-23 09:13:10'),
(268, 'Prof. Danyka Feil MD', 'Impedit atque error saepe optio error magni reiciendis. Veniam deleniti accusantium unde ea molestias reprehenderit. Voluptas odit pariatur iste numquam doloremque.', 1, 21, '2020-03-23 09:13:10', '2020-03-23 09:13:10'),
(269, 'Tyler Wintheiser', 'Ipsum voluptatum sunt autem harum provident facilis. Voluptas sed qui dolor magni quasi voluptas. Sint autem adipisci sed eum nemo.', 2, 26, '2020-03-23 09:13:10', '2020-03-23 09:13:10'),
(270, 'Rafaela Spinka', 'Qui eligendi aut quo maxime fugit voluptates enim. Sed quam assumenda repudiandae sit. Sapiente ipsam ex culpa. Temporibus repudiandae in voluptatem sit corrupti necessitatibus quasi.', 1, 19, '2020-03-23 09:13:10', '2020-03-23 09:13:10'),
(271, 'Tremayne Keebler', 'Similique aspernatur illo ex porro. Distinctio ut aut quam nobis ad quis. Non qui id repellat rem. Asperiores eos adipisci velit dolorum sunt atque.', 3, 39, '2020-03-23 09:13:10', '2020-03-23 09:13:10'),
(272, 'Mrs. Lynn O\'Kon', 'Maxime quisquam hic delectus est sint consequatur. Fugiat nobis ipsa omnis reiciendis. Nam et veritatis dolore molestiae. Magnam doloremque et explicabo ut.', 5, 49, '2020-03-23 09:13:10', '2020-03-23 09:13:10'),
(273, 'Joanie Anderson I', 'Consequuntur modi in minus veniam impedit. Accusantium temporibus dolores reprehenderit rem ducimus rerum. Ut sequi animi reprehenderit eaque harum non minima. In nihil asperiores quae cumque nulla voluptatum.', 4, 40, '2020-03-23 09:13:10', '2020-03-23 09:13:10'),
(274, 'Tremayne Block', 'Rerum eos est ratione. Commodi adipisci corrupti ut corrupti nesciunt distinctio laborum nostrum.', 2, 49, '2020-03-23 09:13:10', '2020-03-23 09:13:10'),
(275, 'Charlene Morissette', 'Dolore possimus voluptate suscipit laborum voluptatum dolorem numquam. Reiciendis aut corporis eius sed quo quaerat possimus quas. Quia est est et aut quasi officiis est.', 0, 19, '2020-03-23 09:13:10', '2020-03-23 09:13:10'),
(276, 'Dr. Eusebio Hilpert', 'Autem ad quidem qui asperiores rem nihil et. Veritatis minima blanditiis ut qui. Vel voluptatem explicabo repellendus neque maxime minima.', 2, 36, '2020-03-23 09:13:10', '2020-03-23 09:13:10'),
(277, 'Dawn Welch DVM', 'Qui possimus eum nemo non sunt. Aliquid quos facere ea repudiandae deleniti omnis dolorum. Ipsa aut adipisci et enim possimus. Quo quae odit omnis ratione natus voluptatem.', 5, 12, '2020-03-23 09:13:10', '2020-03-23 09:13:10'),
(278, 'Kamryn McLaughlin', 'Perferendis repellat culpa aut consequatur commodi quia natus. Rerum inventore laudantium sunt et. Sint voluptate quaerat ipsa eos qui temporibus perferendis. Laborum sint rem ut natus dolorum ratione quasi voluptatibus.', 4, 49, '2020-03-23 09:13:10', '2020-03-23 09:13:10'),
(279, 'Kane Brakus Jr.', 'Dicta dolores quod natus eos illo. Cumque est eos sunt labore reprehenderit in dolorem. Vel quidem omnis accusamus ratione. Reprehenderit eaque voluptate excepturi voluptatum ad omnis eum animi.', 3, 6, '2020-03-23 09:13:10', '2020-03-23 09:13:10'),
(280, 'Jacynthe Kiehn', 'Est ducimus aut deserunt. Non incidunt dolorum est. Voluptas totam consequatur repudiandae aperiam dolor debitis non.', 0, 28, '2020-03-23 09:13:10', '2020-03-23 09:13:10'),
(281, 'Dr. Giovanni Batz', 'Dicta alias recusandae dicta. Voluptatem repudiandae molestiae pariatur corporis qui. Quia vitae quam eum est.', 3, 1, '2020-03-23 09:13:10', '2020-03-23 09:13:10'),
(282, 'Prof. Eleazar Herman DVM', 'Odio et voluptatem dolorem id eos excepturi. Et fuga eaque maxime corporis. Vitae molestiae sapiente aspernatur vero voluptas perferendis doloremque.', 3, 6, '2020-03-23 09:13:10', '2020-03-23 09:13:10'),
(283, 'Valentine Schumm III', 'Natus nulla libero omnis velit. Consequuntur veniam nisi eum tempore sapiente error. Praesentium ipsum similique consequatur adipisci rerum qui dolores.', 0, 41, '2020-03-23 09:13:10', '2020-03-23 09:13:10'),
(284, 'Shanny Morar', 'Ut quia ullam aspernatur repudiandae. Distinctio ab et nihil facilis voluptate. Omnis amet amet explicabo. Eius aliquid ratione voluptas voluptatem.', 5, 1, '2020-03-23 09:13:10', '2020-03-23 09:13:10'),
(285, 'Ramona Zulauf DDS', 'Maxime aut doloremque dolores maiores voluptatibus ratione libero. Voluptas aut et quod reiciendis recusandae sit rerum. Fuga adipisci delectus sunt aut qui sed voluptas.', 5, 14, '2020-03-23 09:13:10', '2020-03-23 09:13:10'),
(286, 'Pierce Schuppe', 'Rem consequatur sed est non modi consequatur. Asperiores omnis corporis sit consectetur animi cum non. Necessitatibus consectetur enim dolorem quis possimus ea assumenda est.', 4, 21, '2020-03-23 09:13:10', '2020-03-23 09:13:10'),
(287, 'Lempi Rogahn', 'Iure neque quibusdam debitis a. Vero et et et aspernatur magnam. Aut quidem voluptates voluptas. Suscipit quaerat non qui sint sint mollitia facilis.', 5, 6, '2020-03-23 09:13:10', '2020-03-23 09:13:10'),
(288, 'Miss Lois Ward', 'Doloremque aut ut officia fuga veritatis eius eos. Consequatur explicabo omnis a eaque. Quia quas quidem laboriosam illum ea reprehenderit modi. Rem unde itaque sunt non dignissimos.', 1, 11, '2020-03-23 09:13:10', '2020-03-23 09:13:10'),
(289, 'Elnora Corkery', 'Error corporis occaecati qui placeat vero. Reprehenderit earum illo et quos vel. Quisquam esse rerum consequuntur recusandae aliquid qui eum.', 1, 14, '2020-03-23 09:13:10', '2020-03-23 09:13:10'),
(290, 'Mrs. Eleonore Rodriguez PhD', 'Molestiae non ea quos dolorem dolores sed reprehenderit. Voluptatem sunt veritatis nemo assumenda deleniti eos quo. Eligendi saepe et minus neque qui et. Officiis consectetur animi sunt optio.', 3, 5, '2020-03-23 09:13:10', '2020-03-23 09:13:10'),
(291, 'Felicia Frami IV', 'Optio voluptate tenetur eum eum ipsam. Nostrum et atque facilis nisi iusto dicta. Repellat facilis sed nihil sed sit. Magnam dolorem minima minima.', 5, 30, '2020-03-23 09:13:10', '2020-03-23 09:13:10'),
(292, 'Daphnee Bins', 'Error eaque tempore quod architecto et. Tempora asperiores ea est doloribus. Ut commodi hic fugiat qui ad earum omnis sit. Assumenda perferendis ipsam doloribus quia non voluptatem est.', 2, 45, '2020-03-23 09:13:10', '2020-03-23 09:13:10'),
(293, 'Mr. Bud Lueilwitz', 'Ullam voluptas unde consequuntur dolorum culpa assumenda. Eaque aut odit veritatis unde cum nobis magni. Est est voluptatem dicta aut in.', 4, 10, '2020-03-23 09:13:10', '2020-03-23 09:13:10'),
(294, 'Stephanie Herzog', 'Cupiditate molestias aut reprehenderit reiciendis sed in sint quia. Rem modi recusandae numquam est.', 4, 12, '2020-03-23 09:13:10', '2020-03-23 09:13:10'),
(295, 'Laurianne Reynolds', 'Id recusandae officiis odit quo consectetur cum nihil et. Sit voluptas molestiae saepe similique. A qui soluta nemo cumque maiores officiis. Enim qui voluptatem esse quam incidunt. Quis animi quod et dolorem sunt inventore omnis blanditiis.', 3, 37, '2020-03-23 09:13:10', '2020-03-23 09:13:10'),
(296, 'Lorenzo Bauch', 'Temporibus odit delectus quis. Enim et natus nostrum voluptas. Quis sint porro voluptatem sunt. Voluptatem et nulla a. Aut autem dignissimos autem tempora.', 3, 22, '2020-03-23 09:13:10', '2020-03-23 09:13:10'),
(297, 'Garth Marquardt', 'Molestiae nostrum possimus doloremque nihil dolorem odit quia iure. Quaerat et cum voluptas commodi. Qui totam consequatur facere quo beatae qui aut.', 0, 45, '2020-03-23 09:13:10', '2020-03-23 09:13:10'),
(298, 'Henderson Grady', 'Quo et tempore minima rerum reprehenderit maiores sapiente consequatur. Deserunt possimus debitis iusto alias. Ullam excepturi nihil distinctio et. Ratione aut et error odit totam ea.', 1, 7, '2020-03-23 09:13:10', '2020-03-23 09:13:10'),
(299, 'Andreanne Johnston', 'Et ipsam autem sed aut sint velit harum perspiciatis. Voluptate deleniti laborum dolor earum. Ea atque delectus aut ab amet nulla. Repellendus sed tempora velit nemo adipisci.', 0, 27, '2020-03-23 09:13:10', '2020-03-23 09:13:10'),
(300, 'Prof. Montana Flatley', 'Laboriosam omnis voluptas voluptatem nostrum expedita rerum officia. Aspernatur incidunt non eligendi rerum corporis. Facilis eaque et nemo est. Iste non aut rerum sunt laborum magni reprehenderit.', 4, 29, '2020-03-23 09:13:11', '2020-03-23 09:13:11');

-- --------------------------------------------------------

--
-- Table structure for table `users`
--

CREATE TABLE `users` (
  `id` bigint(20) UNSIGNED NOT NULL,
  `name` varchar(255) COLLATE utf8mb4_unicode_ci NOT NULL,
  `email` varchar(255) COLLATE utf8mb4_unicode_ci NOT NULL,
  `email_verified_at` timestamp NULL DEFAULT NULL,
  `password` varchar(255) COLLATE utf8mb4_unicode_ci NOT NULL,
  `remember_token` varchar(100) COLLATE utf8mb4_unicode_ci DEFAULT NULL,
  `created_at` timestamp NULL DEFAULT NULL,
  `updated_at` timestamp NULL DEFAULT NULL
) ENGINE=InnoDB DEFAULT CHARSET=utf8mb4 COLLATE=utf8mb4_unicode_ci;

--
-- Indexes for dumped tables
--

--
-- Indexes for table `failed_jobs`
--
ALTER TABLE `failed_jobs`
  ADD PRIMARY KEY (`id`);

--
-- Indexes for table `migrations`
--
ALTER TABLE `migrations`
  ADD PRIMARY KEY (`id`);

--
-- Indexes for table `oauth_access_tokens`
--
ALTER TABLE `oauth_access_tokens`
  ADD PRIMARY KEY (`id`),
  ADD KEY `oauth_access_tokens_user_id_index` (`user_id`);

--
-- Indexes for table `oauth_auth_codes`
--
ALTER TABLE `oauth_auth_codes`
  ADD PRIMARY KEY (`id`),
  ADD KEY `oauth_auth_codes_user_id_index` (`user_id`);

--
-- Indexes for table `oauth_clients`
--
ALTER TABLE `oauth_clients`
  ADD PRIMARY KEY (`id`),
  ADD KEY `oauth_clients_user_id_index` (`user_id`);

--
-- Indexes for table `oauth_personal_access_clients`
--
ALTER TABLE `oauth_personal_access_clients`
  ADD PRIMARY KEY (`id`);

--
-- Indexes for table `oauth_refresh_tokens`
--
ALTER TABLE `oauth_refresh_tokens`
  ADD PRIMARY KEY (`id`);

--
-- Indexes for table `products`
--
ALTER TABLE `products`
  ADD PRIMARY KEY (`id`);

--
-- Indexes for table `reviews`
--
ALTER TABLE `reviews`
  ADD PRIMARY KEY (`id`),
  ADD KEY `reviews_product_id_foreign` (`product_id`);

--
-- Indexes for table `users`
--
ALTER TABLE `users`
  ADD PRIMARY KEY (`id`),
  ADD UNIQUE KEY `users_email_unique` (`email`);

--
-- AUTO_INCREMENT for dumped tables
--

--
-- AUTO_INCREMENT for table `failed_jobs`
--
ALTER TABLE `failed_jobs`
  MODIFY `id` bigint(20) UNSIGNED NOT NULL AUTO_INCREMENT;

--
-- AUTO_INCREMENT for table `migrations`
--
ALTER TABLE `migrations`
  MODIFY `id` int(10) UNSIGNED NOT NULL AUTO_INCREMENT, AUTO_INCREMENT=10;

--
-- AUTO_INCREMENT for table `oauth_clients`
--
ALTER TABLE `oauth_clients`
  MODIFY `id` bigint(20) UNSIGNED NOT NULL AUTO_INCREMENT;

--
-- AUTO_INCREMENT for table `oauth_personal_access_clients`
--
ALTER TABLE `oauth_personal_access_clients`
  MODIFY `id` bigint(20) UNSIGNED NOT NULL AUTO_INCREMENT;

--
-- AUTO_INCREMENT for table `products`
--
ALTER TABLE `products`
  MODIFY `id` bigint(20) UNSIGNED NOT NULL AUTO_INCREMENT, AUTO_INCREMENT=51;

--
-- AUTO_INCREMENT for table `reviews`
--
ALTER TABLE `reviews`
  MODIFY `id` bigint(20) UNSIGNED NOT NULL AUTO_INCREMENT, AUTO_INCREMENT=301;

--
-- AUTO_INCREMENT for table `users`
--
ALTER TABLE `users`
  MODIFY `id` bigint(20) UNSIGNED NOT NULL AUTO_INCREMENT;

--
-- Constraints for dumped tables
--

--
-- Constraints for table `reviews`
--
ALTER TABLE `reviews`
  ADD CONSTRAINT `reviews_product_id_foreign` FOREIGN KEY (`product_id`) REFERENCES `products` (`id`) ON DELETE CASCADE;
COMMIT;

/*!40101 SET CHARACTER_SET_CLIENT=@OLD_CHARACTER_SET_CLIENT */;
/*!40101 SET CHARACTER_SET_RESULTS=@OLD_CHARACTER_SET_RESULTS */;
/*!40101 SET COLLATION_CONNECTION=@OLD_COLLATION_CONNECTION */;
